id,y_pred
47532,0
47533,0
47534,0
47535,0
47536,0
47537,0
47538,0
47539,0
47540,0
47541,0
47542,0
47543,0
47544,0
47545,3
9033,0
9034,0
9035,0
9036,0
9037,0
9038,0
9039,0
9040,0
9041,0
9042,0
9043,0
9044,0
9045,0
9046,0
9047,0
9048,0
9049,0
9050,0
9051,0
9052,0
9053,0
9054,0
9055,0
9056,0
9057,0
9058,0
9059,0
9060,0
9061,0
9062,3
10280,0
10281,0
10282,0
10283,0
10284,0
10285,0
10286,0
10287,0
10288,0
10289,0
10290,0
10291,0
10292,0
10293,0
10294,0
10295,0
10296,0
10297,0
10298,0
10299,0
10300,0
10301,0
43293,0
43294,2
43295,0
43296,2
43297,0
43298,1
43299,1
43300,1
43301,1
43302,1
43303,1
43304,1
43305,1
43306,2
43307,1
43308,2
43309,1
43310,1
43311,1
43312,1
43313,1
43314,1
43315,1
43316,1
43317,1
43318,1
43319,1
43320,1
43321,1
43322,1
43323,1
43324,1
43325,1
43326,1
43327,1
43328,1
43329,1
43330,1
43331,1
43332,1
43333,1
43334,1
43335,1
43336,1
43337,1
43338,1
43339,1
43340,1
43341,1
43342,1
43343,1
43344,1
43345,1
22263,0
22264,0
22265,0
22266,0
22267,0
22268,0
22269,0
22270,0
22271,0
22272,0
22273,0
22274,0
22275,0
22276,0
22277,0
22278,0
22279,0
22280,0
22281,0
22282,0
22283,3
22284,1
22285,3
22286,3
22287,3
22288,1
22289,3
18163,0
18164,0
18165,0
18166,0
18167,0
18168,0
18169,0
18170,0
18171,0
18172,0
18173,0
18174,0
18175,0
18176,0
18177,0
18178,0
18179,0
18180,0
30345,0
30346,0
30347,0
30348,0
30349,0
30350,0
30351,0
30352,0
30353,0
30354,0
30355,0
30356,0
30357,0
30358,0
30359,0
30360,0
30361,0
30362,3
30363,3
30364,0
30365,0
12327,0
12328,0
12329,0
12330,0
12331,0
12332,0
12333,0
12334,0
12335,0
12336,0
12337,0
12338,0
12339,0
12340,0
12341,0
12342,0
12343,0
12344,0
12345,0
12346,0
12347,0
12348,0
12349,0
12350,0
22636,0
22637,0
22638,2
22639,2
22640,1
22641,1
22642,0
22643,2
22644,0
22645,0
22646,2
22647,0
22648,0
22649,0
22650,0
22651,0
22652,1
22653,1
22654,1
22655,1
22656,1
22657,1
22658,1
22659,1
22660,1
22661,1
22662,1
22663,1
22664,1
22665,3
22666,1
22667,1
22668,2
21226,0
21227,0
21228,2
21229,0
21230,0
21231,2
21232,2
21233,1
21234,0
21235,0
21236,3
21237,1
21238,1
21239,1
21240,0
21241,2
21242,0
21243,0
21244,2
21245,2
21246,3
21247,0
21248,0
21249,0
21250,2
21251,3
3179,2
3180,1
3181,1
3182,1
3183,1
3184,1
3185,2
3186,2
3187,0
3188,2
3189,0
3190,0
3191,1
3192,0
3193,2
3194,1
3195,1
3196,1
3197,1
3198,1
3199,1
3200,1
3201,1
3202,1
3203,1
3204,1
3205,1
3206,1
3207,1
3208,1
3209,1
3210,1
3211,1
3212,1
3213,1
3214,1
3215,1
3216,1
3217,1
3218,1
3219,1
3220,1
3221,1
3222,1
3223,1
3224,1
3225,1
3226,1
3227,1
3228,1
3229,1
3230,1
3231,1
3232,1
3233,1
3234,1
3235,1
3236,1
3237,1
3238,1
3239,1
3240,1
6966,2
6967,2
6968,2
6969,1
6970,2
6971,0
6972,2
6973,2
6974,1
6975,1
6976,1
27669,0
27670,0
27671,0
27672,0
27673,0
27674,0
27675,0
27676,0
27677,0
27678,0
27679,0
27680,0
27681,0
27682,0
27683,0
27684,0
27685,0
27686,0
27687,0
27688,0
27689,0
27690,0
27691,0
27692,0
40889,0
40890,0
40891,0
40892,0
40893,0
40894,0
40895,0
40896,0
40897,0
40898,0
40899,0
40900,0
40901,0
40902,0
40903,0
40904,0
40905,0
40906,0
40907,0
40908,0
40909,0
40910,0
40911,0
40912,0
40913,0
40914,0
14964,0
14965,0
14966,0
14967,0
14968,0
14969,0
14970,0
14971,0
14972,0
14973,0
14974,0
14975,0
14976,0
14977,0
14978,0
14979,0
14980,0
14981,0
14982,0
14983,0
14984,0
14985,0
14986,0
14987,0
14988,0
14989,0
14990,0
14991,0
25172,0
25173,0
25174,0
25175,0
25176,0
25177,0
25178,0
25179,0
25180,0
25181,0
25182,0
25183,0
25184,0
25185,0
25186,0
25187,0
25188,3
25189,0
25190,3
25191,0
25192,3
36118,2
36119,0
36120,0
36121,0
36122,0
36123,0
36124,0
36125,0
36126,0
36127,0
36128,0
36129,0
36130,0
36131,0
36132,0
36133,0
36134,0
36135,0
36136,0
36137,0
36138,2
36139,0
36140,0
36141,0
36142,2
36143,0
36144,0
36145,0
36146,0
36147,0
36148,0
36149,0
36150,1
36151,1
36152,0
51616,0
51617,0
51618,0
51619,0
51620,0
51621,0
51622,0
51623,0
51624,0
51625,0
51626,0
51627,0
51628,0
51629,0
51630,0
51631,0
51632,0
51633,0
51634,0
51635,0
9641,0
9642,0
9643,0
9644,0
9645,0
9646,0
9647,0
9648,0
9649,0
9650,0
9651,0
9652,0
9653,0
9654,0
9655,0
9656,0
9657,0
9658,0
9659,0
9660,0
9661,0
9662,0
9663,0
9664,0
9665,0
9666,0
9667,0
9668,0
9669,0
9670,3
9671,0
9672,3
9673,3
4877,0
4878,0
4879,0
4880,0
4881,0
4882,0
4883,0
4884,0
4885,0
4886,0
4887,0
4888,0
4889,0
4890,0
4891,0
4892,0
4893,0
4894,0
4895,0
4896,0
4897,3
36192,0
36193,0
36194,0
36195,0
36196,1
36197,1
36198,1
36199,0
36200,0
36201,2
36202,0
36203,0
36204,0
36205,0
36206,0
36207,0
36208,0
36209,0
36210,0
36211,0
36212,0
36213,0
36214,0
36215,0
36216,0
36217,0
36218,0
36219,0
36220,0
36221,2
36222,0
36223,0
36224,0
36225,0
36226,0
36227,0
36228,3
36229,3
36230,3
36231,3
36232,0
36233,0
36234,0
36235,0
36236,0
4976,0
4977,0
4978,0
4979,0
4980,0
4981,0
4982,0
4983,0
4984,0
4985,0
4986,0
4987,0
4988,0
4989,0
4990,0
4991,0
4992,0
4993,0
4994,0
4995,0
4996,0
4997,0
4998,0
4999,0
5000,3
5001,0
1806,0
1807,0
1808,0
1809,0
1810,0
1811,0
1812,0
1813,0
1814,0
1815,0
1816,0
1817,0
1818,0
1819,0
1820,0
1821,0
1822,0
1823,0
1824,0
1825,0
1826,0
1827,0
1828,0
1829,0
4777,0
4778,0
4779,2
4780,0
4781,0
4782,0
4783,0
4784,0
4785,0
4786,0
4787,0
4788,2
4789,0
4790,0
4791,0
4792,0
4793,0
4794,0
4795,0
4796,0
4797,0
4798,0
4799,0
4800,0
4801,0
4802,0
4803,0
4804,3
4805,1
4806,1
4807,1
4808,3
4809,1
4810,3
4811,0
4812,3
4813,1
4814,3
4815,0
4816,0
18319,0
18320,0
18321,0
18322,2
18323,2
18324,3
18325,3
18326,0
18327,0
18328,0
18329,0
18330,0
18331,0
18332,0
18333,0
18334,0
18335,0
18336,0
18337,0
18338,2
3641,0
3642,2
3643,2
3644,2
3645,2
3646,2
3647,2
3648,2
3649,0
3650,0
3651,2
3652,2
3653,0
3654,0
3655,2
3656,2
3657,2
3658,2
3659,2
3660,0
3661,2
3662,2
3663,2
3664,0
3665,2
3666,2
3667,2
3668,1
3669,2
3670,2
3671,2
3672,3
3673,3
3674,3
41847,0
41848,0
41849,0
41850,0
41851,0
41852,0
41853,0
41854,0
41855,0
41856,0
41857,0
41858,0
41859,0
41860,0
41861,0
41862,0
41863,0
41864,0
41865,0
41866,0
41867,0
41868,0
41869,0
24170,0
24171,0
24172,0
24173,0
24174,0
24175,0
24176,0
24177,0
24178,3
24179,0
24180,0
24181,0
24182,0
24183,0
24184,2
24185,0
24186,0
24187,0
24188,0
24189,0
24190,2
24191,0
24192,0
24193,0
24194,0
24195,0
24196,0
24197,0
48737,2
48738,2
48739,2
48740,2
48741,2
48742,2
48743,2
48744,2
48745,2
48746,2
48747,2
48748,1
48749,1
48750,1
48751,1
48752,1
48753,1
48754,1
48755,1
48756,1
48757,1
48758,1
48759,1
48760,1
48761,1
48762,1
48763,1
48764,1
48765,1
48766,1
48767,2
48768,1
48769,1
48770,1
48771,1
48772,1
48773,1
48774,3
48775,1
48776,1
48777,1
48778,1
48779,1
48780,1
48781,1
48782,1
48783,1
48784,1
48785,1
48786,1
10742,2
10743,2
10744,0
10745,2
10746,2
10747,1
10748,2
10749,2
10750,2
10751,2
10752,1
10753,1
10754,1
10755,1
10756,1
10757,3
10758,3
10759,2
10760,2
10761,2
10762,2
10763,3
10764,0
10765,0
10766,0
10767,2
10768,2
24486,2
24487,2
24488,2
24489,2
24490,2
24491,2
24492,2
24493,3
24494,2
24495,2
24496,2
24497,2
24498,2
24499,2
24500,2
24501,1
24502,2
24503,1
24504,1
24505,1
24506,2
24507,1
24508,1
24509,1
24510,3
24511,3
24512,2
24513,3
24514,3
24515,1
24516,3
24517,3
24518,3
19563,3
19564,2
19565,0
19566,0
19567,0
19568,0
19569,0
19570,2
19571,0
19572,0
19573,0
19574,0
19575,0
19576,0
19577,2
19578,2
19579,0
19580,0
19581,2
19582,1
19583,2
22023,0
22024,0
22025,0
22026,0
22027,0
22028,0
22029,0
22030,0
22031,0
22032,0
22033,0
22034,0
22035,0
22036,0
22037,0
22038,0
22039,0
22040,0
22041,0
22042,1
22043,0
22044,0
22045,0
22046,0
22047,0
22048,0
22049,0
22050,0
22051,0
22052,0
22053,0
22054,0
22055,0
22056,0
22057,0
22058,0
22059,0
22060,0
22061,1
22062,1
22063,3
22064,3
22065,3
4590,0
4591,0
4592,2
4593,0
4594,2
4595,2
4596,0
4597,2
4598,0
4599,0
4600,1
4601,3
4602,0
4603,2
4604,2
3571,1
3572,0
3573,2
3574,3
3575,1
3576,1
3577,1
3578,0
3579,0
3580,0
3581,0
3582,0
3583,0
3584,2
3585,0
3586,0
3587,2
3588,2
3589,0
3590,0
3591,2
3592,2
3593,0
3594,2
3595,0
3596,2
3597,0
3598,0
3599,0
3600,0
3601,2
3602,0
3603,0
3604,3
3605,3
3606,3
3607,3
18466,0
18467,0
18468,0
18469,2
18470,0
18471,0
18472,1
18473,1
18474,0
18475,0
18476,0
18477,0
18478,0
18479,0
18480,0
18481,0
18482,0
18483,0
18484,0
18485,0
18486,0
18487,0
18488,0
18489,0
18490,0
18491,2
18492,0
18493,0
18494,0
18495,0
18496,0
18497,0
18498,0
18499,1
18500,3
18501,0
18502,3
18503,0
18504,3
18505,1
18506,1
18507,3
18508,1
22448,0
22449,1
22450,1
22451,1
22452,2
22453,0
22454,0
22455,0
22456,0
22457,0
22458,0
22459,0
22460,0
22461,0
22462,0
22463,0
22464,0
22465,0
22466,0
22467,0
22468,0
22469,0
22470,0
22471,0
22472,0
22473,0
22474,0
22475,0
22476,0
22477,2
22478,0
22479,0
22480,0
22481,0
22482,0
22483,0
22484,0
22485,2
22486,0
22487,0
22488,1
22489,3
22490,3
22491,1
22492,3
22493,3
15705,0
15706,0
15707,0
15708,0
15709,0
15710,0
15711,0
15712,0
15713,0
15714,0
15715,0
15716,0
15717,0
15718,0
15719,0
15720,0
15721,0
15722,0
15723,0
15724,0
15725,0
15726,0
15727,0
15728,0
15729,0
15730,0
15731,0
15732,0
15733,0
15734,0
15735,0
15736,0
15737,0
15738,0
15739,0
15740,0
15741,3
15742,3
33543,2
33544,2
33545,0
33546,2
33547,2
33548,0
33549,2
33550,2
33551,2
33552,2
33553,0
33554,2
33555,2
33556,2
33557,2
33558,0
33559,2
33560,2
33561,2
33562,0
33563,0
33564,2
33565,2
33566,2
33567,2
33568,2
33569,2
33570,2
33571,0
33572,2
33573,2
33574,0
33575,2
33576,2
33577,3
33578,1
33579,3
33580,2
33581,2
33582,1
33583,3
33584,3
33585,3
33586,1
33587,3
33588,3
33589,3
33590,0
43667,0
43668,0
43669,0
43670,0
43671,1
43672,1
43673,1
43674,2
43675,1
43676,1
43677,1
43678,1
43679,0
43680,1
43681,1
43682,1
43683,1
43684,1
43685,1
43686,1
43687,1
43688,1
43689,1
43690,1
43691,1
43692,1
43693,1
43694,1
43695,1
43696,1
43697,1
43698,0
43699,1
43700,1
43701,1
43702,1
43703,1
43704,1
43705,1
43706,1
43707,1
43708,1
43709,1
43710,1
43711,1
43712,1
43713,1
43714,1
43715,1
43716,1
43717,1
23664,0
23665,0
23666,0
23667,0
23668,0
23669,0
23670,0
23671,0
23672,0
23673,0
23674,0
23675,0
23676,0
23677,0
23678,0
23679,0
23680,0
23681,0
23682,0
23683,0
23684,0
23685,0
23686,0
23687,0
23688,0
23689,0
23690,0
23691,0
23692,0
23693,0
23694,0
23695,0
34713,2
34714,2
34715,2
34716,2
34717,1
34718,2
34719,2
34720,1
34721,1
34722,1
34723,1
34724,1
34725,1
34726,1
34727,1
34728,1
34729,1
34730,1
34731,1
34732,1
34733,1
34734,1
34735,1
34736,1
34737,1
34738,1
34739,1
34740,1
34741,1
34742,1
34743,1
34744,1
34745,1
34746,1
34747,1
34748,1
34749,1
34750,1
34751,1
34752,1
34753,1
34754,1
34755,1
34756,1
34757,1
34758,1
34759,1
34760,1
34761,1
34762,1
34763,1
34764,1
34765,1
34766,1
34767,1
34768,1
34769,3
34770,1
34771,1
34772,1
34773,1
34774,1
46447,2
46448,1
46449,1
46450,1
46451,1
46452,1
46453,1
46454,1
46455,1
46456,1
46457,1
46458,1
46459,1
46460,1
46461,1
46462,1
46463,1
46464,1
46465,1
46466,1
46467,1
46468,1
46469,1
46470,1
46471,1
46472,1
46473,1
46474,1
46475,1
46476,1
46477,1
46478,1
46479,1
46480,1
46481,1
46482,1
46483,1
46484,1
46485,1
46486,1
46487,1
46488,1
46489,1
46490,1
46491,1
46492,1
46493,1
46494,1
46495,1
46496,1
46497,1
46498,1
46499,1
46500,1
46501,1
46502,1
46503,1
46504,1
46505,1
46506,1
46507,1
46508,1
46509,1
46510,1
46511,1
46512,1
46513,1
46514,1
46515,1
14423,0
14424,0
14425,0
14426,0
14427,0
14428,2
14429,0
14430,1
14431,2
14432,1
14433,1
14434,1
14435,2
14436,1
14437,1
14438,1
14439,1
14440,1
14441,1
14442,1
14443,1
14444,1
14445,1
14446,0
14447,1
14448,1
14449,1
14450,1
14451,1
14452,1
14453,1
14454,1
14455,1
14456,1
14457,1
14458,1
14459,1
14460,1
14461,1
14462,3
14463,1
14464,1
14465,1
14466,1
14467,1
14468,1
14469,1
31685,0
31686,0
31687,0
31688,0
31689,0
31690,0
31691,0
31692,3
31693,3
31694,3
31695,3
31696,2
31697,2
31698,3
31699,3
27537,2
27538,2
27539,2
27540,1
27541,2
27542,1
27543,1
27544,1
27545,1
27546,1
27547,1
27548,1
27549,1
27550,1
27551,1
27552,1
27553,1
27554,1
27555,1
27556,1
27557,1
27558,1
27559,1
27560,1
27561,1
27562,1
27563,1
27564,1
27565,1
27566,3
27567,1
27568,1
27569,1
27570,1
27571,1
27572,1
14858,2
14859,2
14860,2
14861,2
14862,2
14863,2
14864,2
14865,2
14866,2
14867,2
14868,1
14869,1
14870,1
14871,2
14872,1
14873,1
14874,1
14875,1
14876,1
14877,1
34298,0
34299,0
34300,0
34301,0
34302,0
34303,0
34304,0
34305,0
34306,0
34307,0
34308,0
34309,0
34310,0
34311,0
34312,0
34313,0
34314,0
34315,0
34316,0
34317,0
34318,0
34319,0
34320,0
34321,0
34322,0
34323,0
41417,0
41418,0
41419,0
41420,0
41421,0
41422,0
41423,0
41424,0
41425,0
41426,0
41427,0
41428,0
41429,0
41430,0
41431,0
41432,0
41433,0
41434,0
41435,0
41436,0
41437,0
41438,3
41439,3
41440,0
41441,0
41442,3
28068,0
28069,2
28070,2
28071,1
28072,1
28073,1
28074,1
28075,1
28076,1
28077,1
28078,1
28079,1
28080,1
28081,1
28082,1
28083,1
28084,1
28085,1
28086,1
28087,1
28088,1
28089,1
28090,1
28091,1
28092,1
28093,1
28094,1
28095,1
28096,1
28097,1
28098,1
28099,1
28100,1
28101,1
28102,1
28103,1
28104,1
28105,1
28106,1
28107,1
28108,1
28109,1
28110,1
28111,1
28112,1
28113,1
28114,1
28115,1
28116,1
28117,1
28118,1
28119,1
28120,1
28121,1
28122,1
28123,1
28124,1
28125,1
28126,1
28127,1
28128,1
33925,0
33926,0
33927,0
33928,0
33929,0
33930,0
33931,2
33932,0
33933,2
33934,0
33935,0
33936,0
33937,2
33938,0
33939,0
33940,0
33941,0
33942,2
33943,0
33944,0
46829,0
46830,0
46831,2
46832,0
46833,0
46834,0
46835,0
46836,0
46837,0
46838,0
46839,0
46840,0
46841,2
46842,0
46843,0
46844,0
46845,1
46846,1
46847,3
46848,3
46849,3
45034,0
45035,0
45036,0
45037,0
45038,0
45039,0
45040,0
45041,0
45042,0
45043,0
45044,0
45045,0
45046,0
10697,0
10698,0
10699,0
10700,0
10701,0
10702,0
10703,0
10704,0
10705,0
10706,0
10707,0
10708,0
10709,0
10710,0
10711,0
10712,0
10713,0
10714,0
10715,0
10716,0
10717,0
10718,0
10719,0
10720,0
10721,0
30528,0
30529,0
30530,0
30531,0
30532,0
30533,0
30534,0
30535,0
30536,0
30537,0
30538,0
30539,0
30540,0
30541,0
30542,0
30543,0
30544,0
30545,0
30546,0
39885,0
39886,0
39887,0
39888,0
39889,0
39890,0
39891,0
39892,0
39893,0
39894,0
39895,0
39896,0
39897,0
39898,0
39899,0
39900,0
39901,0
19220,0
19221,0
19222,0
19223,0
19224,0
19225,0
19226,0
19227,0
19228,0
19229,0
19230,0
19231,0
19232,0
19233,0
39130,2
39131,0
39132,0
39133,0
39134,2
39135,0
39136,0
39137,0
39138,0
39139,0
51644,0
51645,2
51646,0
51647,2
51648,0
51649,0
51650,2
51651,2
51652,0
51653,2
51654,3
51655,3
51656,3
51657,3
51658,3
51659,0
51660,0
51661,2
51662,2
51663,2
51664,2
51665,2
51666,2
51667,2
51668,0
51669,0
51670,0
51671,1
51672,0
51673,0
51674,2
51675,1
51676,1
51677,1
51678,2
51679,1
51680,3
51681,3
51682,1
13494,0
13495,0
13496,0
13497,0
13498,0
13499,2
13500,0
13501,0
13502,0
13503,0
13504,0
13505,0
13506,0
13507,0
13508,0
13509,0
13510,0
13511,0
13512,0
13513,0
13514,2
13515,0
13516,0
13517,3
13518,3
13519,3
13520,0
13521,3
17819,2
17820,2
17821,2
17822,3
17823,0
17824,0
17825,0
17826,0
17827,0
17828,0
17829,2
17830,0
17831,0
17832,0
17833,0
17834,0
17835,0
17836,0
17837,0
17838,0
17839,2
17840,0
17841,0
17842,0
17843,2
17844,2
17845,0
17846,3
2914,0
2915,0
2916,0
2917,0
2918,0
2919,0
2920,0
2921,0
2922,0
2923,0
2924,0
2925,0
2926,0
2927,0
2928,0
2929,0
2930,0
2931,0
2932,0
2933,0
2934,0
2935,0
27805,2
27806,0
27807,0
27808,2
27809,2
27810,0
27811,2
27812,0
27813,0
27814,2
27815,2
27816,2
27817,2
27818,2
27819,2
27820,2
27821,2
27822,2
9306,2
9307,2
9308,2
9309,2
9310,2
9311,2
9312,2
9313,2
9314,3
24340,0
24341,0
24342,0
24343,0
24344,0
24345,0
24346,0
24347,0
24348,0
24349,0
24350,0
24351,0
24352,0
24353,0
24354,0
24355,0
24356,0
24357,0
24358,0
24359,0
24360,0
24361,0
24362,0
24363,0
24364,0
24365,0
24366,0
24367,0
24368,0
24369,0
24370,0
24371,0
24372,0
27573,0
27574,0
27575,0
27576,0
27577,0
27578,0
27579,0
27580,0
27581,0
27582,0
27583,0
27584,0
27585,0
27586,0
27587,0
27588,0
27589,0
27590,0
27591,0
27592,0
27593,0
27594,0
27595,0
27596,0
27597,0
34045,0
34046,0
34047,0
34048,0
34049,0
34050,0
34051,0
34052,0
34053,0
34054,0
34055,0
34056,0
34057,0
34058,0
34059,0
34060,0
34061,0
34062,0
39062,2
39063,2
39064,2
39065,1
39066,1
39067,1
39068,1
39069,1
39070,1
39071,1
39072,1
39073,1
39074,1
39075,1
39076,1
39077,1
39078,1
39079,1
39080,1
39081,1
39082,3
39083,1
39084,1
39085,1
39086,1
39087,1
39088,1
39089,1
39090,1
39091,1
4757,2
4758,2
4759,2
4760,2
4761,2
4762,2
4763,2
4764,1
4765,1
4766,2
4767,0
4768,1
4769,2
4770,2
4771,0
4772,2
4773,1
4774,1
4775,1
4776,3
41256,0
41257,0
41258,0
41259,0
41260,0
41261,0
41262,0
41263,0
41264,0
41265,0
41266,0
41267,0
41268,0
41269,0
41270,0
41271,0
41272,0
41273,0
41274,0
41275,0
41276,0
41277,0
41278,0
41279,0
41280,0
41281,0
41282,0
41283,0
41284,0
32313,1
32314,1
32315,0
32316,0
32317,0
32318,2
32319,0
32320,2
32321,0
32322,0
32323,0
32324,0
32325,0
32326,1
32327,0
32328,1
32329,1
32330,1
32331,0
32332,1
32333,1
32334,0
32335,1
32336,0
32337,0
32338,1
32339,0
32340,1
32341,1
44533,2
44534,1
44535,2
44536,0
44537,2
44538,2
44539,0
44540,1
44541,0
44542,1
44543,1
44544,1
44545,1
44546,1
44547,1
44548,1
44549,1
44550,1
44551,1
44552,1
44553,1
44554,1
44555,1
44556,1
44557,1
48939,1
48940,2
48941,1
48942,1
48943,1
48944,1
48945,1
48946,1
48947,1
48948,1
48949,1
48950,1
48951,1
48952,1
48953,1
48954,1
10529,0
10530,0
10531,0
10532,0
10533,0
10534,0
10535,0
10536,0
10537,0
10538,0
10539,0
10540,0
10541,0
10542,0
10543,0
10544,0
10545,0
10546,0
10547,0
10548,0
10549,0
10550,0
10551,0
10552,0
10553,0
10554,0
10555,0
46744,0
46745,0
46746,0
46747,0
46748,0
46749,0
46750,0
46751,0
46752,0
46753,0
46754,0
46755,3
46756,0
46757,0
46758,0
46759,0
46760,0
46761,0
46762,0
46763,0
9558,1
9559,1
9560,1
9561,1
9562,1
9563,2
9564,0
9565,0
9566,0
9567,2
9568,0
9569,0
9570,0
9571,2
9572,1
9573,0
9574,0
9575,2
9576,1
9577,0
9578,0
9579,1
9580,1
9581,1
9582,0
9583,1
9584,0
9585,1
9586,1
9587,1
9588,0
9589,1
9590,1
9591,1
9592,1
9593,1
9594,1
9595,1
9596,1
9597,1
9598,1
9599,1
9600,1
9601,1
9602,2
9603,1
9604,1
9605,1
9606,1
9607,1
9608,1
9609,1
9610,1
9611,1
9612,1
9613,1
9614,1
9615,1
9616,1
9617,1
9618,1
9619,1
9620,1
9621,1
9622,1
9623,1
9624,1
9625,1
46869,2
46870,0
46871,2
46872,2
46873,2
46874,2
46875,2
46876,2
46877,0
46878,0
46879,0
46880,0
46881,2
46882,0
46883,0
46884,2
46885,2
46886,2
46887,2
46888,2
46889,2
46890,2
46891,2
46892,2
46893,2
46894,3
27731,0
27732,0
27733,0
27734,0
27735,0
27736,0
27737,0
27738,0
27739,0
27740,0
27741,0
27742,0
27743,0
27744,0
27745,0
27746,0
27747,0
27748,0
27749,0
31935,0
31936,0
31937,0
31938,0
31939,3
31940,0
31941,0
31942,0
31943,0
31944,0
31945,0
31946,0
31947,0
31948,0
31949,0
31950,0
31951,0
31952,0
31953,0
31954,0
31955,0
31956,0
31957,0
31958,0
31959,0
31960,0
31961,0
31962,3
35785,0
35786,0
35787,0
35788,0
35789,0
35790,0
35791,0
35792,0
35793,0
35794,0
35795,0
35796,0
35797,0
35798,0
35799,3
20796,0
20797,0
20798,2
20799,0
20800,0
20801,0
20802,0
20803,0
20804,0
20805,0
20806,0
20807,3
28875,0
28876,0
28877,0
28878,0
28879,0
28880,0
28881,0
28882,0
28883,0
28884,0
28885,0
28886,0
28887,0
28888,0
28889,2
28890,0
28891,0
28892,0
28893,0
28894,0
28895,3
28896,0
5700,0
5701,0
5702,0
5703,2
5704,2
5705,2
640,1
641,1
642,1
643,0
644,0
645,0
646,0
647,2
648,0
649,2
650,0
651,1
652,0
653,3
654,1
20671,0
20672,0
20673,0
20674,0
20675,0
20676,2
20677,0
20678,0
20679,0
20680,0
20681,0
20682,3
7621,1
7622,1
7623,1
7624,1
7625,1
7626,1
7627,1
7628,2
7629,2
7630,2
7631,2
7632,1
7633,1
7634,1
7635,1
7636,1
7637,1
7638,1
7639,1
7640,1
7641,1
7642,1
7643,1
7644,1
7645,1
7646,1
7647,1
7648,1
7649,1
7650,1
7651,1
7652,1
7653,1
7654,1
7655,1
7656,1
7657,1
7658,1
7659,1
7660,1
7661,1
7662,1
7663,1
7664,1
7665,1
7666,1
7667,1
7668,1
7669,1
7670,1
7671,1
7672,1
18790,0
18791,0
18792,0
18793,0
18794,0
18795,0
18796,0
18797,0
18798,0
18799,0
18800,0
18801,0
18802,0
18803,0
18804,0
18805,0
18806,0
18807,0
18808,0
18809,0
18810,0
18811,0
36350,0
36351,0
36352,0
36353,2
36354,2
36355,2
36356,0
36357,0
36358,0
36359,0
36360,0
36361,0
36362,0
36363,0
36364,2
36365,0
36366,0
36367,0
36368,0
36369,2
36370,2
18748,0
18749,0
18750,0
18751,2
18752,2
18753,0
18754,2
18755,0
18756,0
18757,0
18758,2
18759,0
18760,0
12469,0
12470,0
12471,0
12472,0
12473,0
12474,0
12475,0
12476,0
12477,0
12478,0
12479,0
12480,0
12481,0
12482,0
12483,0
12484,0
12485,0
12486,0
12487,0
12488,0
12489,0
12490,0
12491,0
12492,0
22820,0
22821,0
22822,0
22823,0
22824,0
22825,0
22826,0
22827,0
22828,2
22829,0
22830,0
22831,0
22832,0
22833,0
22834,2
22835,2
22836,2
22837,0
22838,0
32391,0
32392,0
32393,0
32394,0
32395,0
32396,0
32397,0
32398,0
32399,0
32400,0
32401,0
32402,0
32403,0
32404,0
32405,0
32406,0
32407,0
32408,0
32409,0
32410,0
32411,0
32412,0
32413,3
32414,0
32415,0
47428,0
47429,0
47430,0
47431,0
47432,0
47433,0
47434,0
47435,0
47436,0
47437,0
47438,0
47439,0
47440,0
47441,0
47442,0
47443,0
47444,0
47445,0
47446,0
47447,0
47448,0
47449,0
47450,0
47451,0
47452,0
47453,0
47454,0
47455,0
47227,3
47228,0
47229,0
47230,0
47231,0
47232,0
47233,0
47234,0
47235,0
47236,0
47237,0
47238,0
47239,0
47240,0
47241,0
47242,2
47243,0
47244,0
47245,1
47246,0
50615,0
50616,0
50617,0
50618,0
50619,0
50620,0
50621,0
50622,0
50623,0
50624,0
50625,0
45833,1
45834,1
45835,2
45836,1
45837,1
45838,1
45839,0
45840,0
45841,0
45842,0
45843,0
45844,2
45845,0
45846,0
45847,1
45848,0
45849,1
45850,0
45851,1
45852,0
45853,1
45854,1
45855,1
45856,1
45857,1
45858,1
26078,2
26079,2
26080,2
26081,2
26082,2
26083,2
26084,2
26085,2
26086,2
26087,2
26088,2
26089,1
26090,2
26091,1
26092,2
26093,1
26094,1
26095,1
26096,3
26097,1
26098,3
26099,3
38935,0
38936,0
38937,0
38938,2
38939,0
38940,0
38941,0
38942,0
38943,0
38944,0
38945,0
38946,0
38947,0
38948,0
38949,0
38950,0
38951,0
38952,0
38953,0
20666,0
20667,0
20668,0
20669,0
20670,0
22928,0
22929,0
22930,0
22931,0
22932,0
22933,0
22934,3
22935,0
22936,0
22937,0
38275,2
38276,0
38277,1
38278,1
38279,1
38280,1
38281,1
38282,1
38283,1
38284,1
38285,1
38286,1
38287,1
38288,1
38289,1
38290,1
38291,1
38292,1
38293,1
38294,0
38295,1
38296,1
38297,1
38298,0
38299,0
38300,1
38301,0
38302,2
38303,1
38304,1
38305,1
38306,1
38307,1
38308,2
38309,1
38310,1
38311,1
38312,1
38313,1
38314,1
38315,1
38316,1
38317,1
38318,1
38319,1
38320,1
38321,2
38322,1
38323,1
38324,1
38325,0
2681,2
2682,2
2683,2
2684,2
2685,2
2686,2
47142,2
47143,2
47144,2
47145,1
47146,1
47147,1
47148,1
47149,1
47150,1
47151,1
47152,1
47153,1
47154,1
47155,1
47156,1
47157,1
47158,1
47159,1
47160,1
47161,1
47162,1
47163,1
47164,1
47165,1
47166,2
47167,1
47168,1
47169,1
47170,1
47171,1
47172,1
47173,1
47174,1
47175,1
47176,1
47177,1
47178,1
47179,1
47180,1
47181,3
47182,1
47183,1
47184,1
47185,1
47186,1
47187,1
47188,1
47189,1
47190,1
47191,1
47192,1
47193,3
47194,1
47195,3
47196,2
47197,1
996,2
997,2
998,2
999,0
1000,2
1001,0
1002,0
1003,0
1004,0
1005,0
1006,2
1007,2
1008,0
1009,2
1010,2
1011,1
1012,0
1013,1
1014,1
1015,1
1016,1
1017,1
1018,1
1019,1
1020,1
1021,1
1022,1
1023,1
1024,1
1025,1
1026,3
1027,1
1028,1
1029,3
1030,1
1031,1
1032,1
1033,1
1034,1
1035,3
1036,3
1037,2
3521,2
3522,2
3523,2
3524,2
3525,2
3526,1
3527,1
3528,1
3529,1
3530,1
3531,1
3532,1
3533,1
3534,1
3535,1
3536,1
3537,1
3538,1
3539,1
3540,1
3541,1
3542,1
3543,1
3544,1
3545,1
3546,1
3547,1
3548,1
3549,3
3550,1
3551,1
3552,1
3553,1
3554,1
3555,1
3556,1
3557,1
3558,1
3559,1
3560,1
3561,1
3562,1
3563,1
3564,1
3565,1
3566,1
3567,1
3568,1
3569,3
3570,2
20711,0
20712,0
20713,2
20714,2
20715,2
20716,2
20717,1
20718,1
20719,1
20720,1
20721,1
20722,1
20723,1
20724,1
20725,1
20726,1
20727,1
20728,1
20729,1
20730,1
20731,1
20732,2
20733,1
20734,2
20735,2
20736,0
20737,2
20738,2
20739,2
20740,2
20741,2
20742,1
20743,1
20744,1
20745,1
20746,2
20747,1
20748,1
20749,1
20750,1
20751,1
20752,1
20753,1
20754,1
20755,1
20756,3
20757,1
20758,1
26802,0
26803,0
26804,2
26805,0
26806,0
26807,0
26808,0
26809,0
26810,0
26811,0
26812,0
26813,0
26814,0
26815,0
26816,2
26817,0
26818,0
26819,0
26820,2
26821,0
26822,0
26823,0
26824,2
26825,0
26826,2
26827,3
26828,3
26829,3
14247,0
14248,0
14249,0
14250,0
14251,0
14252,0
14253,0
14254,0
14255,0
14256,0
10847,0
10848,0
10849,0
10850,0
10851,0
10852,0
10853,0
10854,0
10855,0
10856,0
10857,0
30384,0
30385,0
30386,0
30387,2
30388,0
30389,0
30390,0
30391,0
30392,0
30393,0
30394,1
30395,2
30396,0
30397,1
30398,0
30399,1
30400,1
30401,2
30402,2
30403,1
30404,0
30405,0
30406,0
30407,2
30408,0
30409,0
30410,0
30411,0
30412,2
30413,2
30414,0
30415,3
46190,0
46191,0
46192,0
46193,0
46194,0
46195,0
46196,0
46197,0
46198,0
46199,0
46200,0
46201,0
46202,0
46203,0
46204,0
46205,0
46206,0
46207,0
46208,0
46209,0
46210,0
46211,0
46212,0
46213,0
47642,0
47643,0
47644,0
47645,0
47646,0
47647,2
47648,0
47649,0
47650,0
47651,0
47652,0
47653,0
47654,0
47655,0
47656,0
47657,0
47658,0
47659,0
47660,0
47661,0
47662,0
47663,0
47664,0
47665,0
47666,0
47667,3
47668,3
47669,0
47670,0
35956,0
35957,0
35958,0
35959,0
35960,0
35961,0
35962,0
35963,2
35964,2
35965,2
35966,0
35967,0
35968,0
35969,0
35970,0
35971,2
35972,0
35973,0
35974,0
35975,0
35976,0
35977,0
35978,0
35979,0
35980,0
35981,0
35982,2
35983,0
35984,2
35985,3
35986,0
35987,0
35988,0
35989,0
35990,3
35991,3
35992,3
35993,3
40946,0
40947,0
40948,0
40949,0
40950,0
40951,0
40952,0
40953,0
40954,0
40955,1
40956,0
40957,0
40958,0
40959,0
40960,0
40961,0
40962,0
40963,0
40964,0
40965,0
40966,0
40967,0
40968,0
40969,0
40970,0
40971,0
40972,0
40973,1
40974,0
40975,0
40976,0
40977,0
40978,0
40979,0
40980,1
40981,1
40982,0
40983,0
40984,0
40985,0
40986,0
3446,1
3447,1
3448,1
3449,3
3450,2
3451,2
3452,2
3453,2
3454,2
3455,2
3456,2
3457,2
3458,2
3459,2
3460,2
3461,2
3462,2
3463,2
3464,2
3465,2
3466,2
3467,1
3468,1
3469,2
3470,1
3471,1
3472,1
3473,1
3474,1
3475,1
3476,2
3477,1
3478,1
3479,1
3480,1
3481,1
3482,1
3483,1
3484,1
3485,2
3486,1
3487,1
3488,1
3489,1
3490,1
3491,1
3492,1
3493,1
3494,1
3495,1
3496,1
3497,1
3498,3
3499,1
3500,1
3501,1
3502,1
3503,1
3504,1
3505,1
3506,1
3507,1
3508,1
3509,1
3510,1
3511,1
3512,1
3513,1
3514,1
3515,1
3516,1
3517,1
3518,1
3519,1
3520,1
23186,0
23187,0
23188,0
23189,3
23190,0
23191,0
23192,0
23193,0
23194,0
23195,0
23196,0
23197,0
23198,0
23199,0
23200,0
23201,1
23202,0
23203,0
23204,0
23205,0
23206,0
23207,0
23208,0
23209,0
23210,0
23211,0
23212,2
23213,0
23214,0
23215,0
23216,0
23217,0
23218,0
23219,3
23220,3
23221,3
5023,0
5024,0
5025,0
5026,0
5027,0
5028,0
5029,0
5030,0
5031,0
5032,0
5033,0
5034,0
5035,0
5036,0
5037,0
5038,0
5039,0
5040,0
5041,0
5042,0
5043,2
5044,0
5045,0
5046,0
5047,0
5048,0
5049,2
5050,0
5051,0
5052,0
5053,0
5054,0
5055,3
5056,3
5057,0
5058,1
5059,3
42676,1
42677,2
42678,0
42679,1
42680,1
42681,1
42682,1
42683,0
42684,0
42685,0
42686,0
42687,0
42688,0
42689,2
42690,2
42691,1
42692,0
42693,1
42694,1
42695,1
42696,1
42697,1
42698,1
42699,1
42700,1
42701,1
42702,1
42703,1
42704,1
42705,1
42706,1
1603,2
1604,2
1605,2
1606,2
1607,2
1608,2
1609,2
1610,2
1611,2
1612,2
1613,2
1614,2
1615,2
1616,1
1617,2
1618,2
1619,1
1620,2
1621,1
1622,2
1623,1
1624,1
1625,2
1626,1
1627,1
1628,2
1629,2
1630,3
1631,1
1632,1
1633,3
1634,1
1635,1
1636,3
1637,1
1638,3
1639,1
1640,1
1641,3
1642,3
1643,1
1644,1
1645,3
1646,2
1647,2
1648,1
35365,0
35366,0
35367,0
35368,0
35369,0
35370,1
35371,1
35372,1
35373,1
35374,2
35375,2
35376,0
35377,0
35378,0
35379,0
35380,0
35381,0
35382,0
35383,0
35384,2
35385,0
35386,2
35387,2
35388,0
35389,0
35390,0
35391,1
35392,1
2936,0
2937,0
2938,0
2939,0
2940,0
2941,0
2942,0
2943,0
2944,0
2945,0
2946,0
2947,2
2948,2
2949,0
2950,0
2951,0
2952,0
2953,2
2954,0
2955,0
2956,0
2957,0
2958,0
2959,0
2960,0
2961,0
2962,0
2963,0
2964,0
2965,0
2966,2
2967,0
2968,1
16137,0
16138,0
16139,0
16140,0
16141,1
16142,2
16143,2
16144,2
16145,2
16146,2
16147,1
16148,1
16149,2
16150,2
16151,2
16152,2
16153,0
16154,1
16155,3
16156,1
16157,3
16158,1
16159,1
16160,1
16161,1
16162,1
16163,3
16164,1
16165,3
16166,2
16167,2
16168,2
16169,2
16170,1
16171,1
16172,2
16173,2
16174,1
16175,1
16176,1
24270,0
24271,0
24272,0
24273,1
24274,1
24275,0
24276,0
24277,0
24278,0
24279,0
24280,0
24281,0
24282,0
24283,0
24284,0
24285,0
24286,0
24287,0
24288,0
24289,0
24290,0
24291,0
24292,0
24293,0
24294,0
24295,0
24296,0
24297,0
24298,0
24299,0
24300,0
24301,0
24302,0
24303,0
24304,0
24305,0
24306,0
24307,0
24308,3
24309,3
50508,0
50509,0
50510,0
50511,0
50512,0
50513,0
50514,0
50515,2
50516,2
50517,0
50518,0
50519,0
50520,0
50521,2
50522,0
50523,2
50524,0
50525,0
50526,0
50527,2
50528,0
50529,0
50530,0
50531,2
50532,2
50533,1
50534,0
50535,0
50536,0
50537,0
50538,0
50539,0
50540,1
50541,3
50542,1
50543,1
39932,1
39933,2
39934,2
39935,2
39936,2
39937,0
39938,2
39939,2
39940,0
39941,2
39942,2
39943,2
39944,2
39945,2
39946,0
39947,1
39948,2
39949,2
39950,2
39951,0
39952,1
39953,2
39954,0
39955,1
39956,1
39957,1
39958,1
39959,1
39960,1
39961,1
39962,1
39963,1
39964,3
39965,2
39966,1
19751,0
19752,2
19753,2
19754,2
19755,2
19756,2
19757,2
19758,2
19759,0
19760,2
19761,2
19762,2
19763,2
19764,2
19765,1
19766,2
19767,0
19768,2
19769,1
19770,3
19771,1
19772,1
19773,1
19774,1
19775,2
19776,1
19777,3
19778,3
19779,1
9824,0
9825,1
9826,2
9827,1
9828,0
9829,1
9830,1
9831,0
9832,2
9833,0
9834,0
9835,0
9836,0
9837,0
9838,0
9839,0
9840,0
9841,0
9842,0
9843,1
9844,0
9845,0
9846,1
9847,0
9848,1
9849,1
9850,3
9851,1
38398,0
38399,0
38400,0
38401,0
38402,0
38403,0
38404,0
38405,0
38406,0
38407,0
38408,0
38409,0
38410,0
38411,0
38412,0
38413,0
38414,0
38415,0
38416,0
38417,0
38418,0
38419,0
38420,0
38421,0
38422,0
38423,0
38424,0
38425,0
38426,0
38427,0
31425,0
31426,0
31427,0
31428,0
31429,0
31430,0
31431,0
31432,0
31433,0
31434,0
31435,0
31436,0
31437,0
31438,0
31439,0
31440,0
31441,0
31442,0
31443,0
31444,0
31445,0
31446,0
31447,0
31448,0
31449,0
31450,0
31451,0
31452,0
31453,0
16472,0
16473,0
16474,0
16475,0
16476,0
16477,0
16478,0
16479,0
16480,0
16481,0
16482,0
16483,0
16484,0
16485,0
16486,0
16487,0
16488,0
16489,0
16490,0
16491,0
16492,0
16493,0
16494,0
16495,0
16496,0
16497,0
16498,0
16499,0
16500,0
16501,0
16502,0
16503,0
16504,0
16505,0
16506,0
16507,2
16508,0
16509,0
16510,0
16511,3
16512,0
16513,1
16514,1
16515,1
16516,0
16517,0
16518,3
16519,0
16520,1
16521,1
16522,0
16523,0
16524,0
16525,0
9213,2
9214,2
9215,0
9216,2
9217,2
9218,0
9219,1
9220,0
9221,0
9222,2
9223,2
9224,0
9225,2
9226,0
9227,2
9228,0
9229,2
9230,2
9231,2
9232,2
9233,2
9234,2
9235,0
9236,2
9237,2
9238,2
9239,1
9240,2
9241,2
9242,3
9243,1
9244,3
9245,3
9246,2
29494,1
29495,1
29496,1
29497,1
29498,1
29499,1
29500,1
29501,1
29502,0
29503,0
29504,0
29505,0
29506,0
29507,0
29508,0
29509,0
29510,0
29511,0
29512,0
29513,0
29514,0
29515,0
29516,0
29517,0
29518,0
29519,0
29520,2
29521,0
29522,0
29523,1
29524,0
29525,0
29526,0
29527,1
29528,0
29529,1
29530,1
29531,1
29532,1
29533,0
15573,1
15574,1
15575,0
15576,0
15577,0
15578,0
15579,0
15580,1
15581,0
15582,1
15583,1
15584,1
15585,1
15586,1
15587,1
15588,0
15589,1
15590,1
15591,1
15592,1
15593,1
15594,1
15595,1
15596,0
15597,1
15598,1
15599,1
15600,1
15601,1
15602,1
15603,1
15604,1
15605,1
15606,1
15607,1
15608,1
15609,1
15610,1
15611,1
15612,1
15613,1
15614,1
15615,1
15616,1
15617,1
25759,0
25760,2
25761,1
25762,0
25763,0
25764,0
25765,1
25766,1
25767,1
25768,1
25769,1
25770,1
25771,1
25772,1
25773,1
25774,1
25775,2
25776,2
25777,2
25778,2
25779,2
25780,2
25781,2
25782,1
25783,2
25784,0
25785,0
25786,0
25787,1
25788,1
25789,2
25790,1
25791,1
25792,1
25793,1
25794,1
25795,1
25796,1
25797,1
25798,1
38428,0
38429,0
38430,0
38431,0
38432,2
38433,2
38434,0
38435,0
38436,0
38437,0
38438,2
38439,0
38440,0
38441,0
38442,0
38443,1
38444,0
38445,0
38446,0
38447,0
38448,0
38449,0
38450,0
38451,0
38452,1
38453,1
38454,1
38455,1
38456,1
38457,1
38458,1
38459,1
38460,1
38461,1
38462,1
38463,1
38464,1
38465,1
26033,0
26034,0
26035,0
26036,0
26037,0
26038,0
26039,0
26040,0
26041,0
26042,0
26043,0
26044,0
26045,0
26046,0
26047,0
26048,0
26049,0
26050,0
26051,0
26052,0
26053,0
26054,0
26055,0
26056,0
26057,0
26058,0
26059,0
26060,0
26061,0
26062,0
26063,0
26064,0
26065,0
26066,0
26067,0
26068,0
26069,0
26070,0
26071,0
26072,0
26073,0
26074,0
26075,0
26076,0
26077,0
47281,0
47282,0
47283,0
47284,0
47285,0
47286,0
47287,0
47288,0
47289,0
47290,0
47291,0
47292,0
47293,0
47294,0
47295,0
47296,0
47297,0
47298,0
47299,0
47300,0
47301,0
47302,0
47303,0
47304,0
47305,0
47306,0
47307,0
47308,0
47309,0
47310,0
47311,0
47312,0
47313,0
47314,0
47315,0
47316,0
47317,0
26972,0
26973,0
26974,0
26975,0
26976,0
26977,0
26978,0
26979,0
26980,0
26981,0
26982,0
26983,0
26984,0
26985,0
26986,0
26987,0
26988,0
26989,0
26990,0
26991,0
26992,0
26993,0
26994,0
26995,0
26996,0
26997,0
26998,0
26999,0
27000,0
27001,0
27002,0
27003,0
27004,0
27005,0
27006,0
27007,0
27008,0
46643,0
46644,0
46645,0
46646,0
46647,0
46648,0
46649,2
46650,0
46651,0
46652,0
46653,0
46654,0
46655,0
46656,0
46657,1
46658,1
46659,1
46660,1
46661,0
46662,2
46663,2
46664,1
46665,1
46666,1
46667,2
24811,1
24812,2
24813,2
24814,2
24815,2
24816,0
24817,0
24818,2
24819,0
24820,0
24821,2
24822,0
24823,0
24824,0
24825,1
24826,2
24827,0
24828,2
24829,3
24830,3
24831,3
24832,0
24833,1
24834,1
24835,2
24836,2
24837,0
24838,1
24839,1
24840,1
24841,1
24842,1
24843,1
24844,1
24845,1
24846,1
24847,1
24848,1
41310,1
41311,1
41312,1
41313,2
41314,0
41315,0
41316,0
41317,0
41318,0
41319,0
41320,0
41321,0
41322,0
41323,0
41324,2
41325,0
41326,0
41327,0
41328,0
41329,0
41330,0
41331,0
41332,0
41333,2
41334,0
41335,0
41336,2
41337,0
41338,3
41339,0
41340,1
41341,0
41342,0
41343,2
41344,3
41345,2
41346,3
41347,0
41348,3
41349,1
41350,0
41351,3
41352,0
41353,0
41354,0
41355,2
41356,1
41357,2
41358,1
41359,1
41360,2
41361,0
41362,2
41363,1
41364,0
41365,1
41366,1
41367,2
41368,0
41369,1
41370,1
41371,1
41372,1
28429,0
28430,0
28431,0
28432,0
28433,0
28434,0
28435,0
28436,0
28437,0
28438,0
28439,0
28440,0
28441,0
28442,0
28443,0
28444,0
28445,0
28446,0
28447,0
28448,0
28449,0
28450,0
28451,0
28452,0
28453,0
28454,0
28455,0
28456,0
28457,1
28458,0
28459,1
28460,0
28461,0
28462,0
28463,0
28464,0
28465,0
28466,0
28467,0
28468,0
28469,0
28470,3
28471,1
28472,1
28473,1
28474,1
28475,1
28476,1
28477,1
16581,0
16582,0
16583,0
16584,0
16585,0
16586,0
16587,0
16588,0
16589,0
16590,0
16591,0
16592,0
16593,0
16594,0
16595,0
16596,0
16597,0
16598,0
16599,0
16600,3
16601,1
16602,0
16603,3
16604,0
16605,0
16606,1
16607,3
16608,3
16609,1
16610,1
16611,0
16612,3
16613,1
16614,3
16615,3
16616,1
16617,0
16618,0
16619,0
16620,0
16621,0
16622,0
16623,0
16624,0
16625,0
16626,0
16627,0
16628,0
16629,0
16630,0
16631,0
16632,0
16633,0
16634,0
16635,0
16636,0
16637,0
16638,0
16639,0
29290,0
29291,0
29292,1
29293,1
29294,1
29295,0
29296,0
29297,0
29298,0
29299,0
29300,0
29301,0
29302,0
29303,0
29304,0
29305,0
29306,0
29307,0
29308,0
29309,0
29310,0
29311,0
29312,0
29313,0
29314,0
29315,0
29316,0
29317,0
29318,0
29319,0
29320,0
29321,0
29322,0
29323,0
29324,0
29325,0
29326,1
29327,1
29328,0
29329,0
29330,0
29331,3
29332,1
29333,1
29334,1
29335,1
29336,1
29337,0
29338,0
29339,0
29340,1
29341,0
29342,1
29343,1
29344,1
29345,3
29346,0
29347,0
29348,1
29349,1
29350,1
29351,0
29352,0
29353,0
29354,0
29355,1
29356,0
29357,1
29358,1
29359,1
29360,3
29361,1
29362,1
29363,1
29364,1
29365,1
29366,1
29367,1
29368,1
29369,1
29370,1
46764,0
46765,0
46766,0
46767,0
46768,0
46769,0
46770,0
46771,0
46772,0
46773,0
46774,0
46775,0
46776,0
46777,0
46778,0
46779,0
46780,0
46781,0
46782,0
46783,0
46784,0
46785,0
46786,0
46787,0
46788,0
46789,0
46790,0
46791,0
46792,0
46793,0
46794,0
46795,0
46796,0
46797,0
46798,0
46799,0
46800,0
46801,0
46802,0
46803,0
46804,0
46805,0
46806,0
46807,0
46808,0
46809,0
46810,0
46811,3
46812,0
46813,3
46814,3
46815,3
28314,2
28315,3
28316,3
28317,3
28318,2
28319,2
28320,2
28321,2
28322,2
28323,2
50884,1
50885,2
50886,0
50887,2
50888,2
50889,0
50890,2
50891,2
50892,0
50893,0
50894,0
50895,0
50896,2
50897,1
50898,1
50899,1
50900,0
50901,0
50902,1
50903,1
34575,1
34576,1
34577,1
34578,1
34579,3
34580,3
34581,2
34582,2
34583,2
34584,2
34585,2
34586,2
34587,2
34588,1
34589,1
34590,1
34591,2
34592,1
34593,1
34594,3
34595,2
34596,2
34597,2
30903,1
30904,1
30905,1
30906,2
30907,1
30908,1
30909,1
30910,1
30911,1
30912,1
30913,1
30914,2
30915,1
30916,1
30917,1
30918,1
30919,1
30920,1
30921,1
30922,1
30923,1
30924,1
30925,1
30926,1
30927,1
30928,1
30929,3
30930,1
30931,1
30932,2
30933,2
30934,1
30935,1
30936,1
30937,1
30938,1
30939,1
30940,1
30941,1
6108,0
6109,0
6110,0
6111,0
6112,0
6113,0
6114,0
6115,0
6116,0
6117,0
6118,0
6119,0
6120,0
6121,0
6122,0
6123,0
6124,0
6629,0
6630,2
6631,2
6632,2
6633,2
6634,2
6635,2
6636,1
6637,1
6638,1
6639,1
6640,1
6641,1
6642,1
6643,1
6644,0
6645,1
6646,3
6647,2
6648,1
6649,1
6650,1
6651,3
6652,1
6653,1
6654,1
6655,1
6656,1
6657,3
6658,1
6659,3
6660,1
6661,1
12572,2
12573,0
12574,0
12575,0
12576,0
12577,0
12578,0
12579,0
12580,0
12581,0
12582,0
12583,0
12584,0
12585,0
12586,0
12587,0
12588,0
12589,0
12590,0
12591,0
12592,0
12593,0
12594,0
12595,0
12596,0
12597,0
12598,0
12599,0
50173,0
50174,0
50175,0
50176,0
50177,0
50178,0
50179,0
50180,0
50181,0
50182,0
50183,0
50184,0
50185,0
50186,0
50187,0
50188,0
50189,0
50190,0
50191,0
50192,0
50193,0
50194,0
50195,1
50196,3
9266,2
9267,2
9268,2
9269,2
9270,2
9271,2
1400,0
1401,2
1402,1
1403,1
1404,1
1405,1
1406,1
1407,1
1408,1
1409,1
1410,1
1411,1
1412,1
1413,1
1414,1
1415,1
1416,2
1417,0
1418,0
1419,2
1420,2
1421,0
1422,0
1423,2
1424,2
1425,0
1426,0
1427,0
1428,0
1429,0
1430,1
1431,0
1432,2
1433,0
1434,0
1435,0
1436,0
1437,1
1438,1
1439,1
1440,1
1441,1
1442,1
1443,1
1444,1
1445,1
1446,1
1447,1
1448,1
1449,1
1450,1
1451,1
1452,1
1453,1
1454,1
1455,1
1456,1
1457,1
14030,1
14031,1
14032,1
14033,1
14034,1
14035,1
14036,1
14037,1
14038,1
14039,1
14040,1
14041,1
14042,1
14043,1
14044,1
14045,1
14046,1
14047,1
14048,1
14049,1
14050,1
14051,1
14052,1
14053,1
14054,1
14055,1
14056,1
14057,1
14058,1
14059,1
14060,1
14061,1
14062,2
14063,1
14064,1
14065,1
14066,1
14067,1
14068,1
14069,1
14070,1
14071,1
14072,1
14073,1
14074,1
14075,1
14076,1
14077,1
14078,1
14079,1
14080,1
14081,1
14082,1
14083,1
14084,1
14085,1
14086,1
14087,1
14088,1
14089,1
14090,1
14091,1
14092,1
14093,1
14094,1
14095,1
14096,1
14097,1
14098,1
14099,1
14100,1
14101,1
14102,1
14103,1
14104,1
14105,1
14106,1
14107,1
14108,1
14109,1
14110,1
14111,1
14112,1
14113,1
14114,1
14115,1
14116,1
14117,1
14118,1
14119,1
14120,1
14121,1
14122,1
14123,1
14124,1
14125,1
46347,2
46348,2
46349,1
46350,1
46351,3
46352,3
46353,3
46354,3
46355,3
46356,3
46357,3
46358,3
46359,3
46360,3
46361,3
46362,3
46363,3
46364,3
46365,3
46366,3
46367,3
46368,3
46369,3
46370,3
46371,3
46372,3
46373,2
46374,2
46375,2
46376,2
46377,2
46378,2
46379,2
46380,2
46381,2
46382,2
46383,1
46384,2
46385,1
46386,1
46387,1
46388,1
46389,1
46390,1
46391,1
46392,1
46393,1
46394,2
46395,1
46396,1
46397,1
46398,1
46399,1
46400,1
46401,1
46402,1
46403,1
46404,1
46405,1
46406,1
46407,1
46408,1
46409,1
46410,1
46411,1
46412,1
46413,1
46414,1
46415,1
46416,1
46417,1
46418,1
46419,1
46420,1
46421,1
46422,1
46423,1
46424,1
46425,1
46426,1
46427,1
46428,1
2228,0
2229,0
2230,0
2231,0
2232,0
2233,0
2234,0
2235,0
2236,0
2237,0
2238,0
2239,0
2240,0
2241,0
2242,0
2243,0
2244,0
2245,0
2246,0
2247,0
2248,0
2249,0
2250,0
2251,0
2252,0
2253,0
2254,0
2255,0
2256,0
2257,0
2258,0
2259,0
2260,0
2261,0
2262,1
2263,3
40124,0
40125,0
40126,0
40127,0
40128,0
40129,0
40130,0
40131,0
40132,0
40133,0
40134,0
40135,0
40136,0
40137,0
40138,0
40139,0
40140,2
40141,0
40142,0
40143,0
40144,0
40145,0
40146,0
40147,0
40148,0
40149,0
40150,0
40151,0
40152,0
40153,0
40154,1
40155,0
40156,0
40157,1
40158,0
40159,0
40160,1
40161,1
40162,1
40163,1
40164,0
40165,0
40166,0
40167,0
40168,0
40169,1
40170,1
13312,0
13313,0
13314,0
13315,0
13316,0
13317,0
13318,0
13319,0
13320,0
13321,0
13322,0
13323,0
13324,0
13325,0
13326,0
13327,0
13328,0
13329,0
13330,0
13331,0
13332,0
13333,0
13334,0
13335,0
13336,0
13337,0
13338,0
13339,0
13340,0
13341,0
13342,0
13343,0
13344,0
13345,0
13346,0
13347,0
13348,0
13349,0
13350,0
13351,0
13352,0
13353,0
13354,3
13355,0
13356,0
31477,0
31478,0
31479,0
31480,0
31481,0
31482,0
31483,0
31484,2
31485,0
31486,0
31487,0
31488,0
31489,0
31490,2
31491,0
31492,1
31493,0
31494,1
31495,1
31496,1
31497,1
31498,1
31499,1
31500,3
31501,1
31502,1
31503,1
31504,1
29987,0
29988,0
29989,0
29990,0
29991,0
29992,0
29993,0
29994,0
29995,0
29996,0
29997,0
29998,0
29999,0
30000,0
30001,0
30002,0
30003,0
30004,0
30005,0
30006,0
30007,0
30008,0
30009,0
30010,0
30011,0
30012,0
30013,0
30014,0
30015,0
30016,0
30017,0
30018,0
30019,0
30020,0
30021,0
30022,3
37669,0
37670,0
37671,0
37672,0
37673,0
37674,0
37675,0
37676,0
37677,0
37678,0
37679,0
37680,0
37681,0
37682,0
37683,0
37684,0
37685,0
37686,0
37687,0
37688,0
37689,0
37690,0
37691,0
37692,0
37693,0
37694,0
37695,0
37696,0
37697,0
37698,2
37699,0
37700,2
37701,0
37702,0
37703,0
37704,2
37705,2
37706,0
37707,0
37708,0
37709,1
37710,3
37711,3
37712,3
37713,3
37714,3
42787,3
42788,0
42789,0
42790,0
42791,0
42792,0
42793,3
42794,0
42795,0
42796,0
42797,0
42798,0
42799,0
42800,2
42801,0
42802,0
46696,1
46697,1
46698,1
46699,1
46700,1
46701,2
46702,2
46703,2
46704,1
46705,1
46706,1
46707,1
46708,1
46709,2
46710,1
46711,1
46712,2
46713,1
46714,2
46715,2
46716,1
46717,1
46718,1
46719,3
46720,1
46721,1
46722,1
46723,1
46724,1
46725,1
46726,1
46727,1
46728,1
46729,1
46730,3
46731,1
46732,3
46733,1
46734,1
46735,3
46736,1
46737,1
46738,2
46739,1
46740,2
46741,1
46742,3
46743,3
19040,0
19041,0
19042,3
19043,0
19044,0
19045,0
19046,0
19047,0
19048,0
19049,0
19050,0
19051,0
19052,0
19053,0
19054,0
19055,0
19056,0
19057,0
12616,0
12617,0
12618,0
12619,0
12620,0
12621,0
12622,0
12623,0
12624,0
12625,0
12626,0
12627,0
12628,0
12629,0
12630,0
12631,0
12632,0
12633,0
12634,0
31628,0
31629,0
31630,0
31631,0
31632,0
31633,0
31634,0
31635,0
31636,0
31637,0
31638,0
31639,0
31640,0
31641,0
31642,0
31643,0
31644,3
31645,3
31646,3
9182,0
9183,0
9184,0
9185,0
9186,0
9187,0
9188,0
9189,0
9190,0
9191,0
9192,0
9193,0
9194,0
9195,0
9196,0
9197,0
9198,0
9199,0
9200,0
9201,0
9202,0
9203,0
9204,0
9205,0
9206,0
9207,0
9208,0
9209,0
9210,0
9211,0
9212,0
11437,0
11438,0
11439,0
11440,0
11441,0
11442,0
11443,0
11444,0
11445,0
11446,0
11447,0
11448,0
11449,0
11450,0
11451,0
11452,0
11453,0
11454,0
11455,0
11456,0
11457,0
11458,0
11459,0
11460,0
11461,0
11462,2
11463,2
50158,0
50159,0
50160,0
50161,0
50162,0
50163,0
50164,0
50165,0
50166,0
50167,0
50168,0
50169,0
50170,0
50171,0
50172,0
43583,1
43584,0
43585,0
43586,0
43587,0
43588,0
43589,0
43590,0
43591,0
43592,0
43593,2
43594,0
43595,0
43596,0
43597,2
43598,0
43599,0
43600,1
43601,0
43602,2
43603,0
43604,1
43605,0
43606,1
43607,1
43608,2
43609,1
43610,0
43611,1
43612,2
43613,1
43614,1
43615,1
43616,1
43617,1
43618,1
43619,1
43620,1
43621,3
43622,1
43623,0
43624,1
43625,1
43626,1
43627,1
43628,1
18887,0
18888,0
18889,0
18890,0
18891,0
18892,0
18893,0
18894,0
18895,0
18896,0
18897,0
18898,0
18899,0
18900,0
18901,0
18902,0
34882,0
34883,0
34884,0
34885,0
34886,0
34887,0
34888,0
34889,0
34890,3
34891,0
34892,0
34893,0
34894,0
34895,0
34896,0
34897,0
34898,0
34899,0
34900,0
34901,0
34902,0
34903,0
34904,0
34905,0
34906,0
19971,0
19972,0
19973,0
19974,0
19975,0
19976,0
19977,0
19978,0
19979,0
19980,0
19981,0
19982,0
19983,0
19984,0
19985,0
19986,0
19987,0
19988,3
19989,0
2814,0
2815,0
2816,0
2817,0
2818,0
2819,0
2820,0
2821,0
2822,0
2823,0
2824,0
2825,0
2826,0
2827,0
2828,0
2829,0
2830,0
2831,3
2832,0
2833,3
2834,3
2835,3
44260,0
44261,0
44262,0
44263,0
44264,2
44265,1
44266,2
44267,1
44268,1
44269,1
44270,3
44271,3
44272,1
44273,0
44274,2
44275,0
6032,3
6033,0
6034,0
6035,0
6036,0
6037,0
6038,0
6039,2
6040,0
6041,0
6042,3
6043,0
6044,0
6045,0
6046,0
6047,0
5635,3
5636,0
5637,0
5638,0
5639,0
5640,0
5641,0
5642,0
5643,0
5644,0
5645,0
5646,0
5647,0
5648,0
5649,0
5650,0
5651,0
5652,0
37040,1
37041,1
37042,2
37043,2
37044,2
37045,2
37046,2
37047,2
37048,2
37049,2
37050,2
37051,2
37052,2
37053,2
37054,2
37055,1
37056,1
37057,1
37058,1
37059,2
37060,1
37061,1
37062,1
37063,1
37064,1
37065,1
37066,2
37067,1
37068,2
37069,1
37070,2
37071,1
37072,2
37073,1
37074,1
37075,1
37076,1
37077,1
37078,1
37079,1
37080,1
37081,1
37082,1
37083,1
37084,1
37085,1
37086,3
37087,1
37088,1
37089,1
37090,3
37091,1
37092,1
37093,1
37094,1
37095,1
37096,1
37097,1
37098,1
37099,1
37100,1
42063,0
42064,0
42065,0
42066,0
42067,0
42068,0
42069,0
42070,0
42071,0
42072,0
42073,0
42074,0
42075,0
42076,0
42077,3
42078,0
48037,0
48038,0
48039,0
48040,0
48041,0
48042,0
48043,0
48044,0
48045,0
48046,0
48047,0
48048,0
48049,0
48050,0
48051,0
48052,0
48053,0
48054,0
48055,0
48056,0
48057,3
48058,0
21183,0
21184,0
21185,0
21186,0
21187,0
21188,0
21189,0
21190,0
21191,0
21192,0
21193,0
21194,0
21195,0
21196,0
21197,0
21198,0
21199,0
21200,3
11230,2
11231,2
11232,2
11233,2
11234,2
11235,2
11236,2
11237,2
11238,2
11239,2
11240,2
11241,2
11242,2
11243,2
11244,2
11762,0
11763,2
11764,0
11765,0
11766,0
11767,0
11768,0
11769,2
11770,0
11771,0
11772,0
11773,2
11774,2
11775,3
11776,3
43471,0
43472,0
43473,0
43474,0
43475,0
43476,0
43477,0
43478,0
31066,2
31067,2
31068,2
31069,2
31070,2
31071,2
31072,2
31073,0
31074,2
31075,0
31076,0
31077,2
31078,2
31079,2
31080,2
31081,0
31082,2
31083,2
31084,0
31085,1
31086,2
31087,1
31088,1
31089,1
31090,3
13548,2
13549,2
13550,2
13551,1
13552,1
13553,1
13554,1
13555,1
13556,1
13557,1
13558,1
13559,1
13560,1
13561,1
13562,1
13563,1
13564,1
13565,1
13566,1
13567,1
13568,1
13569,1
13570,1
13571,1
13572,1
13573,1
13574,1
13575,1
13576,1
13577,1
13578,1
13579,1
13580,1
13581,1
13582,1
13583,1
13584,1
13585,1
13586,1
13587,1
13588,1
13589,1
13590,1
13591,1
13592,1
13593,1
13594,1
13595,1
13596,1
13597,1
13598,1
13599,1
13600,1
13601,1
9106,0
9107,0
9108,0
9109,0
9110,0
9111,0
9112,0
9113,0
9114,0
9115,1
9116,0
9117,0
9118,0
9119,3
9120,0
9121,0
9122,0
9123,0
9124,0
9125,0
9126,0
9127,0
9128,0
9129,0
9130,0
9131,0
9132,0
9133,0
9134,0
9135,1
9136,3
9137,1
9138,3
9139,3
31828,2
31829,2
31830,2
31831,2
31832,2
31833,1
31834,2
31835,2
31836,2
31837,2
31838,2
31839,2
31840,2
31841,1
31842,2
31843,1
31844,1
31845,1
31846,1
31847,1
31848,1
31849,1
31850,1
31851,1
31852,1
31853,3
31854,1
31855,1
31856,1
31857,1
51706,0
51707,0
51708,0
51709,0
51710,0
51711,0
51712,0
51713,0
51714,0
51715,0
51716,0
51717,0
51718,0
51719,0
51720,2
51721,0
51722,0
51723,0
51724,0
51725,0
51726,0
51727,0
51728,2
51729,0
51730,0
51731,2
51732,0
51733,2
51734,1
51735,1
51736,3
51737,0
51738,0
51739,0
45224,2
45225,2
45226,2
45227,2
45228,2
45229,1
45230,1
45231,2
45232,2
45233,1
45234,1
45235,1
45236,1
45237,1
45238,1
45239,1
45240,1
45241,1
45242,1
45243,3
45244,3
45245,3
40171,1
40172,1
40173,1
40174,1
40175,1
40176,1
40177,1
40178,1
40179,1
40180,1
40181,1
40182,1
40183,1
40184,1
40185,1
40186,1
40187,1
40188,1
40189,1
40190,1
40191,1
40192,1
40193,1
40194,1
40195,1
40196,1
40197,1
40198,1
40199,1
40200,1
40201,1
40202,1
40203,1
40204,1
40205,1
40206,1
40207,1
40208,1
40209,1
40210,1
40211,1
40212,1
40213,1
40214,1
40215,1
40216,1
40217,1
40218,1
40219,1
40220,1
40221,1
40222,1
40223,1
40224,1
40225,1
40226,1
40227,1
40228,1
40229,1
40230,1
40231,1
40232,1
40233,1
40234,1
40235,1
40236,1
40237,1
40238,1
40239,1
40240,1
40241,1
40242,1
40243,1
40244,1
40245,1
40246,1
40247,1
40248,1
40249,1
40250,1
40251,1
40252,1
40253,1
40254,1
40255,1
40256,1
40257,1
40258,1
40259,1
40260,1
40261,1
40262,1
40263,1
40264,1
40265,1
40266,1
40267,1
40268,2
40269,1
40270,1
40271,1
40272,1
40273,1
40274,1
15990,1
15991,2
15992,1
15993,1
15994,1
15995,1
15996,1
15997,1
15998,1
15999,1
16000,1
16001,1
16002,2
16003,1
16004,2
16005,1
16006,1
16007,1
16008,2
16009,1
16010,1
16011,1
16012,1
16013,2
16014,1
16015,1
16016,1
16017,1
16018,1
16019,1
16020,1
16021,1
16022,1
16023,1
16024,1
16025,1
16026,1
16027,1
16028,1
16029,2
16030,1
16031,1
16032,1
16033,1
16034,1
16035,1
16036,1
16037,1
16038,1
16039,1
16040,1
16041,1
16042,1
16043,1
16044,1
16045,1
16046,1
16047,1
16048,1
16049,1
16050,1
16051,1
16052,1
16053,1
16054,1
16055,1
16056,1
16057,1
16058,1
16059,1
16060,1
16061,1
16062,1
16063,1
16064,1
16065,1
16066,1
16067,1
16068,1
16069,1
16070,1
16071,1
16072,1
16073,1
16074,1
16075,1
16076,1
16077,1
16078,1
16079,1
16080,1
16081,1
16082,1
16083,1
16084,1
16085,1
16086,1
16087,1
16088,1
16089,1
16090,1
16091,1
7534,0
7535,0
7536,0
7537,0
7538,0
7539,0
7540,0
7541,0
7542,0
7543,0
7544,0
7545,0
7546,0
7547,0
7548,0
7549,0
7550,0
7551,0
7552,0
7553,0
7554,0
7555,0
7556,0
7557,0
7558,0
7559,0
7560,0
7561,0
12351,0
12352,0
12353,0
12354,0
12355,0
12356,0
12357,0
12358,0
12359,0
12360,0
12361,0
12362,0
12363,0
12364,0
12365,0
10386,2
10387,2
10388,2
10389,2
10390,1
10391,1
10392,1
10393,1
10394,1
10395,3
10396,1
10397,2
10398,2
10399,0
10400,0
10401,2
10402,0
10403,0
10404,2
10405,2
10406,1
10407,1
10408,1
10409,1
10410,0
10411,0
10412,0
10413,2
10414,1
10415,1
23658,2
23659,2
23660,2
23661,2
23662,2
23663,3
4298,2
4299,2
4300,1
4301,2
19433,2
19434,1
19435,1
19436,1
19437,1
19438,2
19439,1
19440,1
19441,2
19442,2
19443,2
19444,1
19445,1
19446,1
19447,1
19448,1
19449,1
19450,1
19451,1
19452,3
19453,3
48207,0
48208,2
48209,2
48210,0
48211,2
48212,2
2122,2
2123,2
2124,2
2125,1
2126,1
2127,1
2128,1
2129,1
2130,1
2131,1
2132,1
50595,1
50596,1
50597,2
50598,2
50599,1
50600,2
50601,2
50602,2
50603,2
50604,2
50605,2
50606,2
50607,2
50608,2
50609,2
50610,1
50611,1
50612,1
50613,3
50614,1
15017,1
15018,1
15019,1
15020,1
15021,1
15022,1
15023,1
15024,1
15025,1
15026,1
15027,1
15028,1
15029,1
15030,1
15031,1
15032,1
15033,1
15034,1
15035,1
15036,1
15037,1
15038,1
15039,2
15040,1
15041,1
15042,1
15043,1
15044,1
15045,1
15046,1
15047,1
15048,1
15049,1
15050,1
15051,1
15052,1
15053,1
15054,1
15055,1
15056,1
15057,1
15058,1
15059,1
15060,1
15061,1
15062,1
15063,1
15064,1
15065,1
15066,1
15067,1
15068,1
15069,1
15070,1
15071,1
15072,1
15073,1
15074,1
15075,1
15076,1
15077,1
15078,1
15079,1
15080,1
15081,1
15082,1
15083,1
15084,1
15085,1
15086,1
15087,1
15088,1
15089,1
15090,1
15091,1
15092,1
15093,1
15094,1
15095,1
15096,1
15097,1
15098,1
15099,1
15100,1
15101,1
15102,1
15103,1
15104,1
4067,1
4068,1
4069,1
4070,1
4071,2
4072,2
4073,1
4074,2
4075,1
4076,1
4077,1
4078,3
4079,3
815,0
816,0
817,2
818,0
819,0
820,0
821,2
822,1
823,3
824,3
825,3
20505,1
20506,1
20507,0
20508,2
20509,0
20510,0
20511,0
20512,0
20513,2
20514,0
20515,0
20516,0
20517,0
20518,1
20519,2
20520,0
20521,0
20522,0
20523,1
20524,3
20525,0
20526,1
20527,0
20528,1
20529,0
20530,1
20531,1
20532,1
20533,1
20534,1
20535,1
20536,1
20537,1
20538,1
20539,1
20540,1
20541,1
20542,1
20543,1
20544,1
20545,1
20546,3
20547,3
20548,3
42187,0
42188,0
42189,1
42190,2
42191,1
42192,2
42193,1
42194,1
42195,1
42196,1
42197,0
42198,1
42199,1
42200,2
42201,2
42202,2
42203,2
42204,1
42205,1
42206,3
42207,1
42208,3
42209,2
42210,2
42211,2
42212,2
42213,2
42214,0
42215,2
42216,2
42217,2
42218,2
42219,2
42220,2
42221,0
42222,1
42223,2
47035,0
47036,0
47037,0
47038,0
47039,0
47040,0
47041,0
47042,0
47043,0
47044,0
47045,3
47046,0
47047,0
47048,0
47049,0
36945,1
36946,1
36947,1
36948,1
36949,1
36950,1
36951,1
36952,1
36953,1
36954,1
36955,1
36956,1
36957,1
36958,1
36959,1
36960,1
36961,1
36962,1
36963,1
36964,1
36965,1
36966,1
36967,1
36968,1
36969,1
36970,1
36971,1
36972,1
36973,1
36974,1
36975,1
36976,1
36977,1
36978,1
36979,1
36980,1
36981,1
36982,1
36983,1
36984,1
36985,1
36986,1
36987,1
36988,1
36989,1
36990,1
36991,1
36992,1
36993,1
36994,1
36995,1
36996,1
36997,1
36998,1
22166,0
22167,2
22168,2
22169,0
22170,2
22171,2
22172,2
22173,2
22174,2
22175,3
22176,3
23614,2
23615,0
23616,0
23617,0
23618,2
23619,0
23620,0
23621,2
23622,1
23623,2
23624,2
23625,1
5902,0
5903,0
5904,0
5905,0
5906,0
5907,0
5908,0
5909,0
5910,0
5911,0
5912,0
5913,0
5914,0
5915,0
5916,0
5917,0
5918,0
5919,0
5920,0
5921,0
5922,0
17847,0
17848,0
17849,0
17850,0
17851,0
17852,0
17853,0
17854,0
17855,0
17856,0
17857,0
17858,0
17859,0
17860,0
17861,0
17862,0
17863,0
17864,0
17865,0
17866,0
17867,0
17868,0
17869,0
17870,3
17871,0
17872,3
11269,2
11270,2
11271,2
11272,1
11273,1
11274,1
11275,1
11276,1
11277,1
11278,1
11279,1
11280,1
11281,1
11282,1
11283,1
11284,1
11285,1
11286,1
11287,1
11288,1
11289,1
11290,1
11291,1
11292,1
11293,2
11294,2
11295,2
11296,1
11297,1
11298,1
11299,1
11300,1
11301,1
11302,1
11303,1
11304,1
11305,1
11306,1
11307,1
11308,1
11309,1
11310,1
11311,1
11312,1
11313,1
11314,1
11315,1
11316,1
11317,1
11318,1
11319,1
11320,1
11321,1
11322,1
11323,1
11324,1
11325,1
11326,1
11327,1
11328,1
11329,1
11330,1
11331,1
11332,1
11333,3
11334,1
11335,1
11336,1
11337,1
11338,1
11339,1
11340,1
11341,1
11342,1
11343,1
11344,1
11345,1
11346,1
11347,1
11348,1
7201,1
7202,1
7203,1
7204,1
7205,1
7206,1
7207,1
7208,1
7209,1
7210,1
7211,1
7212,1
7213,1
7214,1
7215,1
7216,1
7217,1
7218,1
7219,1
7220,1
7221,1
7222,2
7223,1
7224,1
7225,1
7226,1
7227,1
7228,1
7229,1
7230,1
7231,1
7232,1
7233,1
7234,1
7235,1
7236,1
7237,1
7238,1
7239,1
7240,1
7241,1
7242,1
7243,1
7244,1
7245,1
7246,1
7247,1
7248,1
7249,1
7250,1
7251,1
7252,1
7253,1
7254,1
7255,1
7256,1
7257,1
7258,1
7259,1
7260,1
7261,1
7262,1
7263,1
7264,1
7265,1
7266,1
7267,1
7268,1
7269,1
7270,1
7271,1
7272,1
7273,1
7274,1
7275,1
7276,3
7277,1
7278,1
7279,1
7280,1
7281,1
7282,1
7283,1
7284,1
7285,3
7286,1
7287,1
7288,1
7289,1
7290,3
7291,1
7292,1
7293,1
11349,0
11350,0
11351,0
11352,0
11353,0
11354,0
11355,0
11356,0
11357,0
11358,0
11359,0
11360,0
11361,0
11362,0
11363,0
11364,0
11365,0
11366,0
11367,0
11368,0
11369,0
11370,0
11371,0
11372,0
11373,0
11374,0
11375,0
11376,0
11377,0
11378,0
11379,0
11380,0
11381,0
48472,0
48473,0
48474,0
48475,0
48476,0
48477,0
48478,0
48479,0
48480,0
48481,0
48482,0
48483,0
48484,0
48485,0
48486,0
48487,0
48488,0
48489,0
48490,0
48491,0
48492,0
48493,0
48494,0
48495,0
48496,0
48497,0
48498,0
48499,3
48500,0
20879,0
20880,0
20881,0
20882,0
20883,0
20884,0
20885,0
20886,0
20887,0
20888,0
20889,0
20890,0
20891,0
20892,0
20893,0
20894,0
20895,0
20896,0
20897,0
20898,0
20899,0
20900,0
20901,0
20902,0
20903,0
20904,0
20905,0
20906,0
20907,0
20908,0
20909,0
20910,0
9732,0
9733,0
9734,0
9735,0
9736,0
9737,0
9738,0
9739,0
9740,0
9741,0
9742,0
9743,0
9744,0
9745,0
9746,0
9747,0
9748,0
9749,2
9750,0
9751,1
9752,0
9753,1
9754,1
45653,0
45654,0
45655,0
45656,0
45657,2
45658,0
45659,0
45660,0
45661,0
45662,0
45663,0
45664,0
45665,2
45666,0
45667,0
45668,0
45669,0
45670,1
45671,1
45672,1
45673,0
45674,2
45675,1
45676,1
45677,1
45678,1
45679,1
45680,1
45681,0
45682,1
45683,1
45684,3
45685,1
45686,1
45687,1
45688,1
45689,1
45690,1
45691,2
45692,2
8998,2
8999,0
9000,1
9001,2
9002,0
9003,1
9004,1
9005,2
9006,1
9007,0
9008,3
9009,0
9010,0
9011,0
9012,2
9013,0
9014,2
9015,0
9016,0
9017,1
9018,0
9019,1
9020,1
9021,1
9022,1
9023,2
9024,1
9025,3
9026,3
9027,1
9028,1
9029,3
9030,1
9031,3
9032,3
15380,0
15381,0
15382,0
15383,0
15384,0
15385,0
15386,0
15387,0
15388,0
15389,0
15390,0
15391,0
15392,0
15393,0
15394,0
15395,0
15396,0
15397,0
15398,0
15399,0
15400,0
15401,0
15402,0
15403,0
15404,3
36999,0
37000,0
37001,0
37002,0
37003,0
37004,0
37005,0
37006,0
37007,0
37008,0
37009,0
37010,0
37011,0
37012,0
37013,2
37014,0
37015,0
37016,2
37017,0
37018,0
37019,0
37020,0
37021,2
37022,2
37023,0
37024,2
37025,0
37026,0
37027,0
37028,0
37029,2
37030,0
37031,2
37032,2
37033,2
37034,1
37035,0
37036,1
37037,1
37038,0
37039,3
25932,1
25933,0
25934,1
25935,1
25936,1
25937,1
25938,1
25939,1
25940,1
25941,1
25942,1
25943,1
25944,1
25945,1
25946,1
25947,1
25948,1
25949,1
25950,1
25951,1
25952,1
25953,1
25954,1
25955,1
25956,1
25957,1
25958,1
25959,1
25960,1
25961,1
25962,1
25963,1
25964,1
25965,1
25966,1
25967,1
25968,1
25969,1
25970,1
25971,1
25972,1
25973,1
25974,1
25975,1
25976,1
25977,1
25978,1
25979,1
25980,1
25981,1
25982,1
25983,1
25984,1
25985,1
25986,1
25987,1
25988,1
25989,1
25990,1
25991,1
25992,1
25993,1
25994,1
25995,1
25996,1
25997,1
25998,1
25999,1
26000,1
26001,1
26002,1
26003,1
26004,1
26005,1
26006,1
26007,1
26008,1
26009,1
26010,1
26011,1
26012,1
26013,1
26014,1
26015,1
26016,1
26017,1
26018,1
26019,1
26020,1
26021,1
26022,1
26023,1
26024,1
26025,1
26026,1
26027,1
26028,1
26029,1
26030,1
26031,1
26032,1
15310,0
15311,0
15312,0
15313,0
15314,0
15315,0
15316,0
15317,0
15318,0
15319,0
15320,0
15321,0
15322,0
15323,0
15324,0
15325,0
15326,0
15327,0
15328,0
15329,0
15330,0
15331,0
15332,0
15333,0
15334,0
15335,0
15336,0
15337,3
36709,0
36710,0
36711,0
36712,0
36713,0
36714,0
36715,0
36716,0
36717,0
36718,0
36719,0
36720,0
36721,0
36722,0
36723,0
36724,0
36725,0
36726,0
36727,0
36728,0
36729,3
36730,3
36731,0
26659,0
26660,0
26661,0
26662,0
26663,0
26664,0
26665,0
26666,0
26667,0
26668,0
26669,0
26670,0
26671,0
26672,0
26673,0
26674,0
26675,0
26676,0
26677,0
26678,0
26679,0
26680,0
26681,0
26682,0
26683,0
26684,0
26685,0
26686,0
26687,0
26688,0
26689,0
26690,0
34125,2
34126,2
34127,2
34128,3
34129,3
34130,1
34131,3
34132,1
34133,1
34134,2
34135,2
34136,2
34137,2
34138,2
34139,2
34140,2
34141,2
34142,2
34143,2
34144,2
34145,2
46931,2
46932,2
46933,2
46934,1
46935,1
46936,1
46937,1
46938,1
46939,1
46940,1
46941,1
46942,1
46943,1
46944,1
46945,1
46946,1
46947,1
46948,1
46949,1
46950,1
46951,1
46952,1
46953,1
46954,1
46955,1
46956,1
46957,1
46958,1
46959,1
46960,1
46961,2
46962,2
46963,2
46964,1
46965,1
46966,1
46967,1
46968,1
46969,1
46970,1
46971,1
46972,1
46973,1
46974,1
46975,1
46976,1
46977,1
46978,1
46979,1
46980,1
26925,0
26926,0
26927,0
26928,0
26929,0
26930,0
26931,0
26932,0
26933,0
26934,0
26935,0
26936,0
26937,0
26938,0
26939,0
26940,0
26941,0
26942,0
26943,0
26944,0
26945,2
26946,0
26947,0
26948,3
26519,1
26520,2
26521,0
26522,3
26523,0
26524,0
26525,0
26526,0
26527,0
26528,0
26529,0
26530,1
26531,0
26532,0
26533,1
26534,0
26535,1
26536,0
26537,1
26538,1
26539,1
26540,1
26541,3
26542,0
26543,0
26544,3
12031,0
12032,0
12033,0
12034,0
12035,0
12036,0
12037,0
12038,0
12039,0
12040,0
12041,0
12042,0
12043,0
12044,0
12045,0
12046,0
12047,0
12048,0
12049,0
12050,0
12051,0
12052,0
12053,1
12054,3
12055,3
12056,3
12057,3
12058,3
12059,0
12060,0
47703,0
47704,0
47705,0
47706,2
47707,3
47708,2
47709,0
47710,0
47711,0
47712,0
47713,0
47714,3
47715,3
47716,0
47717,0
47718,0
47719,2
47720,0
31219,3
31220,2
31221,2
31222,3
31223,2
31224,2
31225,2
31226,3
31227,1
31228,1
31229,1
31230,1
31231,1
20683,0
20684,0
20685,0
20686,0
20687,0
20688,0
20689,0
20690,0
20691,0
20692,0
20693,0
20694,0
12635,0
12636,0
12637,0
12638,0
12639,0
12640,1
12641,1
12642,1
12643,1
12644,0
12645,1
12646,0
12647,3
12648,0
12649,0
12650,1
12651,0
12652,0
47546,0
47547,0
47548,0
47549,0
47550,0
47551,0
47552,0
47553,0
47554,0
47555,0
47556,0
47557,0
47558,0
47559,0
47560,0
47561,0
47562,0
47563,0
47564,0
47565,0
47566,0
47567,0
47568,0
47569,0
47570,0
47571,0
47572,0
47573,0
47574,0
47575,0
47576,0
47577,0
42803,0
42804,0
42805,0
42806,0
42807,0
42808,0
42809,0
42810,0
42811,0
42812,0
42813,0
42814,0
42815,0
42816,0
42817,0
42818,0
42819,0
42820,0
42821,0
42822,0
42823,0
42824,0
42825,0
42826,0
42827,0
10939,0
10940,0
10941,0
10942,0
10943,0
10944,0
10945,0
10946,0
10947,0
10948,0
10949,0
10950,0
10951,0
10952,0
10953,0
10954,0
10955,0
10956,0
10957,0
10958,0
10959,0
10960,0
10961,0
10962,0
14939,2
14940,0
14941,0
14942,2
14943,3
14944,0
14945,0
14946,2
14947,2
33466,0
33467,0
33468,0
33469,0
33470,0
33471,0
33472,0
33473,0
33474,0
33475,0
33476,0
33477,0
33478,0
33479,0
33480,0
33481,0
33482,0
33483,0
33484,0
33485,0
33486,0
33487,0
33488,0
33489,0
33490,0
33491,0
33492,0
33493,0
33494,0
33495,0
33496,0
33497,0
33498,0
33499,0
7172,0
7173,2
7174,2
7175,1
7176,0
7177,0
7178,0
7179,0
7180,0
7181,0
7182,0
7183,0
7184,0
7185,0
7186,0
7187,0
7188,0
7189,2
7190,2
7191,2
7192,3
7193,2
7194,2
7195,3
7196,2
7197,0
7198,0
7199,2
7200,2
17940,0
17941,0
17942,0
17943,0
17944,0
17945,0
17946,0
17947,0
17948,0
17949,0
17950,0
17951,0
17952,0
17953,0
17954,0
17955,0
17956,0
17957,0
17958,0
17959,0
17960,0
17961,0
17962,0
17963,0
17964,0
17965,0
17966,0
17967,0
17968,0
17969,0
17970,0
17971,0
17972,0
17973,0
17974,0
29596,0
29597,0
29598,0
29599,0
29600,2
29601,0
29602,0
29603,0
29604,0
29605,0
29606,0
29607,1
29608,0
29609,0
29610,0
29611,1
29612,1
29613,1
29614,1
29615,1
29616,1
29617,1
29618,1
29619,1
29620,1
29621,1
29622,1
29623,1
29624,0
29625,1
29626,0
29627,0
29628,1
29629,1
29630,1
29631,1
29632,1
29633,1
29634,1
29635,1
29636,1
29637,1
29638,1
29639,1
29640,3
37210,2
37211,1
37212,1
37213,1
37214,1
19422,2
19423,2
19424,2
19425,2
19426,2
19427,2
19428,2
19429,1
19430,1
19431,3
19432,1
26306,0
26307,0
26308,0
26309,0
26310,0
26311,1
26312,0
26313,0
26314,1
26315,1
26316,1
26317,2
26318,1
26319,0
26320,0
26321,1
26322,0
26323,0
26324,2
26325,0
26326,0
26327,2
26328,2
26329,0
26330,2
26331,2
26332,2
26333,2
26334,3
26335,2
26336,3
26337,2
26338,2
26339,1
26340,3
26341,0
32061,2
32062,2
32063,2
32064,1
32065,1
32066,1
32067,0
32068,0
32069,0
32070,2
32071,2
32072,0
32073,2
32074,2
32075,2
32076,2
32077,0
32078,2
32079,1
32080,2
32081,0
32082,1
32083,1
32084,1
32085,1
32086,1
32087,1
32088,1
32089,2
32090,1
32091,0
32092,2
32093,1
32094,1
32095,1
32096,1
32097,1
32098,1
32099,1
32100,1
32101,1
34495,1
34496,1
34497,2
34498,1
34499,1
34500,1
34501,1
34502,2
34503,1
34504,1
34505,1
34506,1
34507,1
34508,1
34509,2
34510,2
34511,1
34512,1
34513,1
36323,0
36324,0
36325,2
36326,0
36327,0
36328,0
36329,0
36330,0
36331,0
36332,0
36333,1
36334,1
36335,0
36336,0
36337,0
36338,0
36339,0
36340,1
36341,0
36342,1
36343,0
36344,1
36345,0
36346,3
36347,1
36348,1
36349,1
1716,1
1717,1
1718,1
1719,1
1720,1
1721,1
1722,1
1723,1
1724,1
1725,1
1726,1
18253,0
18254,0
18255,1
18256,2
18257,2
18258,2
18259,2
18260,2
18261,2
18262,2
18263,2
18264,1
18265,1
18266,0
18267,2
18268,1
18269,2
18270,1
18271,1
18272,1
18273,1
18274,1
18275,1
18276,3
25902,0
25903,0
25904,0
25905,0
25906,0
25907,0
25908,0
25909,0
25910,0
25911,0
25912,0
25913,0
25914,0
25915,0
25916,0
25917,0
25918,0
25919,0
25920,0
25921,0
25922,0
25923,0
25924,0
25925,0
25926,0
25927,0
25928,0
25929,0
25930,3
25931,0
12901,0
12902,0
12903,0
12904,0
12905,0
12906,1
12907,0
12908,0
12909,0
12910,0
12911,0
12912,2
12913,1
12914,1
12915,0
12916,0
12917,0
12918,0
12919,0
12920,0
12921,0
12922,0
12923,0
12924,0
12925,2
12926,3
12927,1
12928,3
12929,3
44574,2
44575,2
44576,2
44577,1
44578,1
44579,1
44580,1
44581,1
44582,1
44583,1
44584,1
44585,1
44586,1
44587,1
44588,1
44589,1
44590,1
44591,3
44592,1
44593,1
44594,1
44595,1
44596,1
44597,1
44598,1
48846,2
48847,2
48848,2
48849,2
48850,2
48851,0
48852,2
48853,0
48854,0
48855,2
48856,2
48857,2
48858,2
48859,2
48860,1
48861,2
48862,2
48863,1
48864,1
48865,1
48866,1
48867,3
48868,1
48869,1
36843,0
36844,0
36845,0
36846,0
36847,0
36848,0
36849,0
36850,0
36851,0
36852,0
36853,0
36854,0
36855,0
36856,0
36857,0
36858,0
36859,0
36860,0
36861,0
36862,0
36863,0
36864,0
36865,0
36866,0
36867,0
36868,0
36869,0
36870,0
36871,0
36872,0
36873,0
36874,0
36875,0
36876,0
36877,0
4446,2
4447,1
4448,1
4449,1
4450,1
4451,1
4452,1
4453,1
4454,1
4455,1
4456,1
4457,1
4458,1
4459,1
4460,1
4461,1
4462,1
4463,1
4464,1
4465,1
4466,1
4467,1
4468,1
4469,1
4470,1
4471,1
4472,1
4473,1
4474,1
4475,1
4476,1
4477,1
4478,1
4479,1
4480,1
4481,1
4482,1
4483,1
4484,1
4485,1
4486,1
4487,1
4488,1
4489,1
4490,1
4491,1
4492,1
4493,1
4494,1
4495,1
4496,1
4497,1
4498,1
4499,1
4500,1
4501,1
4502,1
4503,1
4504,1
4505,1
4506,1
4507,1
4508,1
4509,1
4510,1
4511,1
4512,1
43629,0
43630,0
43631,0
43632,0
43633,0
43634,0
43635,0
43636,0
43637,0
43638,0
43639,0
43640,0
43641,0
43642,3
43643,3
16703,2
16704,2
16705,0
16706,0
16707,2
16708,2
16709,0
16710,2
16711,2
16712,0
16713,0
16714,2
16715,1
16716,1
16717,1
16718,1
16719,1
16720,1
16721,1
16722,1
16723,1
16724,3
16725,1
16726,1
16727,1
16728,1
16729,1
16730,2
16731,1
16732,1
16733,1
16734,1
16735,1
16736,1
16737,1
16738,1
16739,1
16740,1
16741,1
16742,1
16743,1
16744,1
16745,1
16746,1
16747,1
16748,1
16749,1
16750,1
16751,3
16752,1
16753,3
16754,1
16755,1
38887,0
38888,0
38889,0
38890,0
38891,0
38892,0
38893,0
38894,0
38895,0
38896,0
38897,0
38898,0
38899,0
38900,0
38901,0
38902,0
38903,0
38904,0
38905,0
38906,0
38907,0
33977,2
33978,2
33979,2
33980,2
33981,2
33982,2
33983,2
33984,2
33985,2
33986,2
33987,1
33988,1
33989,1
33990,1
33991,1
33992,1
33993,2
33994,1
33995,1
33996,2
33997,2
33998,1
33999,1
34000,1
34001,2
34002,1
34003,2
34004,1
34005,1
34006,1
34007,1
34008,1
34009,1
34010,1
34011,2
34012,2
34013,2
34014,2
34015,2
34016,1
34017,1
34018,1
34019,1
34020,2
34021,2
34022,1
34023,1
34024,1
34025,1
45637,0
45638,2
45639,0
45640,1
45641,1
45642,1
45643,0
45644,0
45645,0
45646,0
45647,1
45648,0
45649,1
45650,2
45651,0
45652,2
39358,2
39359,0
39360,1
39361,1
39362,1
39363,1
39364,1
39365,1
39366,1
39367,1
39368,1
39369,1
39370,1
39371,1
39372,0
39373,0
39374,0
39375,2
39376,1
39377,1
39378,1
41564,1
41565,1
41566,1
41567,1
41568,1
41569,1
41570,1
41571,1
41572,1
41573,1
41574,1
41575,1
41576,1
41577,3
41578,1
41579,1
41580,1
41581,1
41582,1
41583,2
41584,1
41585,2
41586,1
41587,2
41588,2
41589,1
41590,1
41591,0
41592,0
41593,0
41594,0
41595,2
41596,2
41597,1
41598,1
36628,1
36629,1
36630,2
36631,1
36632,1
36633,1
36634,1
36635,1
36636,1
36637,2
36638,1
36639,1
36640,1
36641,1
36642,1
36643,1
36644,1
36645,1
36646,1
36647,1
36648,1
36649,1
36650,1
36651,1
36652,1
36653,1
36654,1
36655,1
36656,1
36657,1
36658,2
36659,1
36660,1
36661,1
36662,1
36663,1
36664,3
36665,1
36666,1
36667,1
36668,1
36669,1
36670,1
36671,3
36672,1
36673,1
36674,1
36675,1
36676,1
36677,1
36678,1
36679,1
36680,1
36681,1
36682,1
36683,1
36684,1
36685,1
36686,2
11027,1
11028,1
11029,1
11030,1
11031,1
11032,1
11033,2
11034,1
11035,1
11036,1
11037,2
11038,1
11039,1
11040,1
11041,2
11042,1
11043,1
11044,1
11045,1
11046,1
11047,1
11048,2
11049,1
11050,1
11051,1
11052,2
11053,1
11054,1
11055,2
11056,2
11057,1
11058,2
11059,1
11060,1
11061,1
11062,2
11063,1
11064,1
11065,1
11066,1
11067,1
11068,3
11069,1
11070,1
11071,3
11072,1
11073,1
11074,1
11075,1
11076,1
11077,1
36552,0
36553,0
36554,0
36555,0
36556,0
36557,0
36558,0
36559,0
36560,0
36561,0
36562,0
36563,0
36564,0
36565,0
36566,0
10769,0
10770,0
10771,0
10772,0
10773,0
10774,0
10775,0
10776,0
10777,0
10778,0
10779,0
10780,0
10781,0
41482,1
41483,2
41484,1
41485,1
41486,1
41487,1
41488,1
41489,1
41490,1
41491,1
41492,2
41493,2
41494,2
41495,1
41496,1
41497,0
41498,0
41499,2
41500,2
41501,0
41502,2
41503,2
41504,0
41505,2
41506,1
41507,2
41508,1
41509,1
41510,1
41511,1
41512,1
41513,1
41514,1
41515,1
41516,1
41517,1
41518,1
41519,1
41520,1
41521,1
41522,1
41523,1
41524,1
41525,1
41526,1
41527,1
41528,1
41529,1
41530,1
41531,1
41532,1
24629,1
24630,1
24631,2
24632,2
24633,0
24634,2
24635,0
24636,2
24637,0
24638,0
24639,0
24640,2
24641,2
24642,0
24643,2
24644,0
24645,1
24646,2
24647,1
24648,2
24649,1
24650,1
24651,1
24652,1
24653,2
24654,1
24655,1
24656,1
24657,1
24658,1
24659,1
24660,1
24661,1
24662,1
24663,2
24664,1
24665,2
24666,1
24667,1
24668,2
24669,1
24670,1
24671,1
24672,1
24673,1
24674,1
24675,1
24676,1
24677,1
24678,1
24679,1
24680,1
24681,1
24682,1
24683,1
24684,1
24685,1
24686,1
24687,1
24688,1
24689,1
24690,1
24691,1
24692,1
24693,1
24694,1
24695,3
12772,1
12773,1
12774,1
12775,1
12776,1
12777,2
12778,1
12779,1
12780,1
12781,1
12782,1
12783,1
12784,1
12785,1
12786,2
12787,1
12788,1
12789,1
12790,2
12791,1
12792,1
12793,1
12794,2
12795,2
12796,2
12797,2
12798,2
12799,2
12800,1
12801,1
12802,1
12803,1
12804,1
12805,1
12806,1
12807,1
12808,1
12809,1
12810,1
12811,1
12812,1
12813,1
44148,0
44149,0
44150,2
44151,0
44152,2
44153,0
44154,0
44155,1
44156,1
44157,0
44158,0
44159,2
44160,0
44161,2
44162,2
44163,0
44164,0
44165,2
44166,2
27371,3
27372,2
27373,2
27374,0
27375,0
27376,2
27377,2
27378,2
27379,2
27380,1
27381,1
27382,1
27383,1
27384,2
27385,2
27386,0
27387,2
27388,1
27389,1
27390,1
27391,1
27392,1
27393,1
27394,1
27395,1
27396,1
27397,1
27398,3
27399,1
27400,1
27401,1
27402,1
27403,1
27404,1
24373,0
24374,0
24375,0
24376,0
24377,0
24378,0
24379,0
24380,0
24381,0
24382,0
24383,2
24384,0
24385,0
24386,1
24387,0
24388,0
24389,2
24390,2
24391,0
24392,1
24393,1
24394,1
24395,1
24396,1
24397,3
19379,0
19380,0
19381,0
19382,0
19383,0
19384,0
19385,0
19386,0
19387,0
19388,0
19389,0
19390,0
19391,0
19392,0
19393,3
19394,3
43566,2
43567,0
43568,2
43569,2
43570,2
43571,0
43572,2
43573,0
43574,1
43575,2
43576,1
43577,1
43578,3
43579,1
43580,1
43581,1
43582,1
3932,3
3933,3
3934,0
3935,0
3936,0
3937,1
3938,0
3939,0
3940,0
3941,2
3942,0
3943,0
3944,2
3945,0
3946,2
3947,0
3948,0
3949,2
3950,2
3951,2
3952,1
3953,2
3954,1
3955,1
3956,1
17001,2
17002,0
17003,0
17004,0
17005,0
17006,0
17007,0
17008,0
17009,0
17010,0
17011,0
17012,0
17013,2
17014,2
17015,0
17016,2
17017,2
17018,2
17019,3
19612,2
19613,0
19614,1
19615,2
19616,0
19617,2
19618,2
19619,2
19620,0
19621,2
19622,1
19623,2
19624,0
19625,2
19626,1
19627,1
19628,0
19629,2
19630,1
19631,1
19632,1
19633,1
19634,1
19635,2
19636,1
19637,1
19638,1
19639,1
19640,2
19641,1
19642,1
19643,1
19644,1
19645,1
19646,1
19647,1
19648,1
19649,1
19650,1
19651,2
19652,1
19653,1
19654,1
19655,1
19656,1
19657,1
19658,1
19659,1
19660,1
19661,1
19662,1
19663,1
19664,1
19665,1
40610,0
40611,0
40612,0
40613,0
40614,0
40615,0
40616,0
40617,0
40618,0
40619,0
40620,0
40621,0
40622,0
40623,0
40624,0
40625,0
40626,0
40627,0
40628,0
40629,0
40630,0
40631,0
40632,0
40633,0
40634,0
40635,0
40636,0
40637,0
40638,0
40639,0
40640,0
40641,0
40642,0
40643,0
40644,0
40645,0
40646,0
40647,0
40648,0
40649,0
40650,0
40651,0
40652,0
40653,0
40654,0
40655,0
40656,0
40657,0
28897,0
28898,0
28899,0
28900,0
28901,0
28902,0
28903,0
28904,0
28905,0
28906,0
28907,0
28908,0
28909,0
28910,0
28911,0
28912,0
28913,0
28914,0
28915,0
28916,0
28917,0
28918,0
28919,0
28920,0
28921,0
28922,0
28923,0
28924,0
28925,0
28926,0
28927,0
28928,0
28929,0
28930,3
28931,3
12274,3
12275,0
12276,0
12277,0
12278,0
12279,0
12280,0
12281,0
12282,0
12283,0
12284,0
12285,0
12286,0
12287,0
12288,0
12289,0
12290,0
12291,0
12292,0
12293,2
12294,2
12295,0
12296,0
12297,0
12298,0
12299,1
12300,0
12301,1
12302,1
12303,0
12304,1
12305,3
12306,1
14734,0
14735,0
14736,0
14737,0
14738,0
14739,0
14740,0
14741,0
14742,0
14743,0
14744,0
14745,0
14746,0
14747,0
14748,0
14749,0
14750,0
14751,0
14752,0
14753,0
14754,0
14755,0
14756,0
14757,0
14758,0
14759,0
14760,0
14761,3
14762,3
14763,3
3404,0
3405,0
3406,1
3407,1
3408,1
3409,1
3410,1
3411,1
3412,1
3413,1
3414,1
3415,1
3416,1
3417,1
3418,1
3419,1
3420,1
3421,1
3422,1
3423,1
3424,1
3425,1
3426,1
3427,1
3428,1
3429,1
3430,1
3431,1
3432,1
3433,1
3434,1
3435,1
3436,1
3437,1
3438,1
3439,2
3440,1
3441,1
3442,1
3443,1
3444,1
3445,1
8842,0
8843,0
8844,0
8845,0
8846,2
8847,0
8848,0
8849,0
8850,0
8851,0
8852,0
8853,0
8854,0
8855,0
8856,0
8857,0
8858,0
8859,0
8860,0
8861,0
8862,0
8863,0
8864,0
8865,0
8866,0
8867,0
32435,3
32436,0
32437,0
32438,0
32439,0
32440,0
32441,0
32442,0
32443,3
49876,3
49877,0
49878,0
49879,0
49880,0
49881,0
49882,0
49883,0
49884,0
49885,0
49886,0
49887,0
49888,0
49889,0
49890,0
49891,0
49892,2
49893,0
49894,1
49895,0
49896,1
49897,0
49898,1
49899,1
49900,1
49901,1
49902,1
49903,1
49904,1
49905,3
49906,0
49907,0
28845,0
28846,0
28847,1
28848,0
28849,0
28850,0
28851,0
28852,0
28853,0
28854,2
28855,0
28856,0
28857,1
28858,0
28859,1
28860,3
28861,3
28862,0
28863,3
28864,1
28865,3
28866,1
28867,3
28868,3
28869,3
28870,3
28871,3
28872,3
28873,3
28874,3
44816,0
44817,0
44818,0
44819,0
44820,0
44821,0
44822,0
44823,2
44824,2
44825,0
44826,0
44827,0
44828,0
44829,2
44830,0
44831,0
44832,0
44833,3
44834,3
17373,0
17374,0
17375,2
17376,0
17377,0
17378,0
17379,0
17380,0
17381,0
17382,0
17383,0
17384,0
17385,0
17386,0
17387,0
17388,0
17389,0
17390,0
17391,0
17392,0
17393,3
17394,3
17395,3
17396,3
17397,3
17398,1
17399,3
17400,0
17401,0
24787,1
24788,0
24789,0
24790,0
24791,0
24792,0
24793,0
24794,0
24795,0
24796,2
24797,2
24798,0
24799,0
24800,1
24801,3
24802,1
24803,1
24804,3
24805,1
24806,3
24807,3
24808,1
24809,3
24810,0
38262,3
38263,0
38264,0
38265,0
38266,0
38267,0
38268,2
38269,0
38270,0
38271,0
38272,0
38273,0
38274,0
17655,2
17656,2
17657,1
17658,2
17659,1
17660,1
17661,3
17662,3
29155,2
29156,1
29157,1
29158,1
29159,1
29160,1
29161,1
29162,1
29163,1
29164,1
29165,1
17574,2
17575,1
17576,1
17577,1
17578,1
17579,1
17580,2
17581,1
17582,1
17583,1
17584,3
17585,1
17586,3
40700,1
40701,0
40702,0
40703,0
40704,0
40705,0
40706,0
40707,0
40708,0
40709,0
40710,0
40711,0
40712,0
40713,0
40714,0
40715,0
40716,2
40717,0
40718,1
40719,0
40720,1
40721,1
40722,0
40723,1
40724,1
40725,3
40726,1
40727,3
40728,3
44741,2
44742,1
44743,1
44744,1
44745,1
44746,1
44747,1
44748,1
44749,1
44750,1
28807,0
28808,0
28809,0
28810,0
28811,3
28812,0
28813,0
28814,0
28815,0
28816,0
28817,0
28818,0
28819,0
28820,0
28821,0
28822,0
28823,0
28824,0
28825,0
28826,0
28827,0
28828,0
10500,0
10501,0
10502,0
10503,0
10504,0
10505,0
10506,0
10507,0
10508,0
10509,0
10510,0
10511,0
10512,0
10513,0
10514,0
10515,0
11399,1
11400,2
11401,2
11402,2
11403,3
36914,1
36915,2
36916,2
36917,2
36918,1
36919,2
36920,1
36921,1
36922,1
36923,1
36924,1
36925,2
36926,0
36927,1
36928,1
36929,1
36930,1
36931,1
36932,1
36933,1
36934,1
36935,1
36936,1
36937,1
36938,1
36939,1
36940,1
36941,1
36942,1
36943,1
36944,1
12959,1
12960,1
12961,1
12962,1
12963,2
12964,1
12965,1
12966,1
12967,1
12968,1
12969,1
12970,1
12971,1
12972,1
12973,1
51303,2
51304,2
51305,2
51306,2
51307,2
51308,2
51309,2
51310,2
51311,3
51312,3
51313,3
41296,2
41297,2
41298,2
41299,2
41300,2
41301,2
41302,0
41303,2
41304,2
41305,0
41306,0
41307,2
41308,2
41309,0
16318,2
16319,0
16320,0
16321,2
16322,3
16323,3
16324,0
16325,2
16326,0
37342,0
37343,0
37344,0
37345,0
37346,0
37347,0
37348,0
37349,0
37350,0
37351,0
37352,0
37353,0
37354,0
37355,0
37356,0
37357,0
51683,0
51684,0
51685,0
51686,0
51687,0
51688,0
51689,1
51690,1
51691,1
51692,1
51693,0
51694,0
51695,0
51696,0
51697,0
51698,0
51699,0
51700,0
51701,3
51702,0
51703,0
51704,1
51705,2
541,0
542,0
543,0
544,0
545,0
546,0
547,0
548,0
549,0
550,0
551,0
552,0
553,0
41044,0
41045,0
41046,0
41047,0
41048,0
41049,0
41050,0
41051,0
41052,0
41053,0
41054,0
41055,0
41056,0
41057,0
41058,0
41059,0
41060,0
41061,0
41062,0
41063,0
41064,0
41065,0
41066,0
41067,0
41068,0
41069,0
41070,0
41071,0
41072,0
41073,0
41074,0
41075,0
41076,0
41077,0
44003,0
44004,0
44005,0
44006,0
44007,0
44008,0
44009,0
44010,0
44011,0
44012,0
44013,0
44014,0
44015,0
44016,0
44017,0
44018,0
44019,0
44020,0
44021,0
44022,0
44023,0
44024,0
44025,0
44026,0
44027,0
44028,0
44029,0
44030,0
44031,0
44032,0
44033,0
44034,1
44035,0
44036,0
44037,1
44038,0
44039,0
30187,3
30188,1
30189,1
30190,0
30191,0
30192,0
30193,0
30194,2
30195,0
30196,0
30197,0
30198,0
30199,0
30200,0
30201,0
30202,0
30203,0
30204,0
30205,0
30206,2
30207,0
30208,0
30209,2
30210,0
30211,0
30212,0
30213,2
30214,0
30215,0
30216,0
30217,0
30218,0
30219,0
30220,0
30221,3
30222,0
30223,0
30224,2
30225,3
30226,1
30227,1
30228,0
30229,3
23137,0
23138,0
23139,0
23140,0
23141,0
23142,0
23143,0
23144,0
23145,0
23146,0
23147,0
23148,0
23149,0
23150,0
23151,0
23152,0
23153,0
23154,0
23155,0
23156,0
23157,0
23158,0
23159,0
23160,0
23161,0
23162,0
23163,0
23164,3
23165,3
23166,3
8665,2
8666,1
8667,2
8668,1
8669,1
8670,1
8671,1
8672,1
8673,1
8674,1
8675,1
8676,1
8677,1
8678,1
8679,1
8680,1
8681,1
8682,1
8683,1
8684,1
8685,1
8686,1
8687,1
8688,1
8689,1
8690,1
8691,1
8692,1
8693,1
8694,1
8695,1
8696,1
8697,1
8698,1
8699,1
8700,1
8701,1
8702,1
8703,1
8704,1
8705,1
8706,1
8707,1
8708,1
8709,1
8710,1
8711,1
8712,1
8713,1
8714,1
8715,1
8716,1
8717,1
8718,1
8719,1
8720,1
8721,1
8722,1
8723,1
8724,1
8725,1
8726,1
8727,1
8728,1
8729,1
8730,1
8731,1
8732,1
8733,1
8734,1
8735,1
8736,1
8737,1
8738,1
8739,1
8740,1
8741,1
8742,1
8743,1
8744,1
17438,3
17439,1
17440,0
17441,0
17442,0
17443,0
17444,0
17445,0
17446,0
17447,0
17448,0
17449,0
17450,0
17451,0
17452,0
17453,0
17454,0
17455,0
17456,0
17457,0
17458,1
17459,3
17460,1
17461,3
16796,2
16797,0
16798,1
16799,1
16800,1
16801,1
16802,1
16803,1
16804,1
16805,1
16806,1
16807,1
16808,1
16809,1
16810,1
16811,1
16812,1
16813,1
16814,1
16815,1
16816,1
16817,1
16818,1
16819,1
16820,1
16821,1
16822,1
16823,1
16824,1
16825,1
16826,1
16827,1
16828,1
16829,1
16830,1
16831,1
16832,1
16833,1
16834,1
25393,2
25394,1
25395,0
25396,1
25397,1
25398,1
25399,1
25400,1
25401,1
25402,1
25403,1
25404,0
25405,2
25406,0
25407,0
25408,2
25409,2
25410,0
25411,0
25412,1
25413,1
25414,1
25415,1
25416,1
25417,1
25418,1
25419,1
25420,1
25421,1
25422,1
25423,1
25424,1
25425,1
25426,1
25427,1
25428,1
25429,1
25430,1
25431,1
25432,1
25433,1
25434,1
25435,1
25436,1
25437,1
25438,1
25439,1
25440,1
25441,1
25442,1
25443,1
25444,1
25445,1
25446,1
25447,3
25448,1
25449,1
25450,1
25451,1
25452,1
25453,1
25454,1
25455,1
25456,1
25457,1
25458,3
25459,3
25460,1
25461,1
25462,3
25463,1
25464,1
25465,3
25466,1
25467,1
27322,0
27323,0
27324,1
27325,1
27326,1
27327,1
27328,1
27329,1
27330,1
27331,1
27332,1
27333,1
27334,1
27335,1
27336,1
27337,1
27338,0
27339,0
27340,0
27341,2
27342,0
27343,1
27344,1
27345,1
27346,1
27347,1
27348,1
27349,1
27350,1
27351,1
27352,1
27353,1
27354,1
27355,1
27356,1
27357,1
27358,1
27359,1
27360,1
27361,1
27362,1
27363,1
27364,1
27365,1
27366,1
27367,1
27368,1
27369,1
27370,1
20393,0
20394,0
20395,0
20396,0
20397,0
20398,0
20399,0
20400,0
20401,0
20402,0
20403,0
20404,0
20405,0
20406,0
20407,0
21772,0
21773,0
21774,2
21775,0
21776,0
21777,0
21778,2
21779,0
21780,0
21781,0
21782,2
21783,2
21784,0
21785,3
3004,0
3005,0
3006,0
3007,2
3008,3
3009,0
3010,0
34923,2
34924,2
34925,2
34926,1
34927,2
34928,2
34929,1
34930,2
2133,0
2134,3
2135,2
2136,0
2137,0
2138,3
2139,0
2140,2
2141,2
2142,0
29582,0
29583,0
29584,0
29585,0
29586,0
29587,0
29588,0
29589,0
29590,0
29591,0
29592,0
29593,0
29594,0
29595,3
6960,2
6961,2
6962,3
6963,2
6964,3
6965,2
24198,0
24199,0
24200,0
24201,0
24202,0
24203,0
24204,0
24205,0
24206,0
24207,0
24208,2
24209,0
24210,0
24211,0
24212,0
24213,0
24214,0
24215,0
24216,0
24217,0
24218,1
24219,0
24220,0
24221,1
24222,3
28829,0
28830,0
28831,0
28832,0
28833,0
28834,0
28835,0
28836,0
28837,0
28838,0
28839,0
28840,0
28841,0
28842,0
28843,0
28844,0
46112,0
46113,0
46114,0
46115,1
46116,0
46117,0
46118,0
46119,0
46120,1
46121,0
46122,1
46123,1
6016,3
6017,3
6018,0
6019,1
6020,0
6021,0
6022,2
6023,0
6024,0
6025,0
6026,0
6027,0
6028,0
6029,0
6030,0
6031,0
34403,1
34404,1
34405,0
34406,0
34407,0
34408,0
34409,0
34410,0
34411,0
34412,0
34413,0
34414,0
34415,0
34416,0
34417,0
34418,0
34419,0
34420,1
34421,1
34422,0
34423,1
5433,1
5434,1
5435,1
5436,1
5437,1
5438,1
5439,1
5440,1
5441,1
5442,1
5443,1
5444,1
5445,1
5446,2
5447,2
5448,1
5449,1
26762,0
26763,0
26764,0
26765,0
26766,0
26767,0
26768,0
26769,0
26770,0
26771,0
26772,0
26773,0
26774,3
26775,3
26776,0
19539,0
19540,0
19541,3
19542,0
19543,0
19544,0
19545,0
19546,0
19547,0
19548,0
19549,0
19550,0
19551,0
19552,0
19553,0
19554,0
19555,0
19556,0
19557,0
19558,0
19559,0
19560,0
19561,0
19562,0
18930,0
18931,0
18932,0
18933,0
18934,0
18935,0
18936,0
18937,0
18938,0
18939,0
18940,0
18941,0
18942,0
18943,0
18944,0
18945,3
11180,2
11181,2
11182,2
11183,2
11184,1
11185,1
11186,1
11187,1
11188,1
11189,1
11190,1
11191,1
11192,1
11193,1
11194,1
11195,1
11196,1
11197,1
11198,1
11199,1
11200,1
11201,1
11202,1
11203,1
11204,1
20759,0
20760,0
20761,0
20762,0
20763,0
20764,0
20765,0
20766,0
20767,2
20768,0
20769,2
20770,1
20771,3
20772,1
20773,3
20774,3
39297,0
39298,0
39299,0
39300,0
39301,0
39302,0
39303,0
39304,0
39305,0
39306,0
39307,0
39308,0
39309,0
39310,3
39311,3
39312,3
43786,1
43787,1
43788,1
43789,1
43790,1
43791,1
43792,1
43793,1
43794,1
43795,1
43796,2
43797,1
43798,1
43799,1
43800,1
43801,1
43802,1
43803,1
43804,1
43805,1
43806,1
43807,1
43808,1
43809,1
43810,1
43811,1
43812,2
43813,2
43814,1
43815,1
43816,1
43817,1
43818,1
43819,1
43820,1
43821,1
43822,1
43823,1
43824,1
43825,1
43826,1
41125,2
41126,2
41127,2
41128,2
41129,2
41130,1
41131,1
41132,2
41133,2
41134,1
41135,1
41136,1
41137,1
41138,1
41139,1
41140,1
41141,1
41142,2
41143,1
41144,1
41145,1
41146,1
41147,1
41148,1
41149,1
41150,1
41151,1
41152,1
41153,1
41154,1
41155,1
41156,1
41157,1
41158,1
41159,1
41160,1
41161,1
41162,1
41163,1
41164,1
41165,1
41166,1
41167,1
41168,1
41169,1
41170,1
41171,1
41172,1
34598,0
34599,2
34600,2
34601,1
34602,2
34603,1
34604,1
34605,2
34606,1
34607,1
34608,2
34609,1
34610,1
34611,1
34612,1
34613,1
34614,1
34615,1
34616,1
34617,1
34618,1
34619,1
34620,1
34621,1
34622,1
34623,1
34624,1
34625,1
34626,1
34627,1
34628,1
34629,1
34630,1
34631,1
34632,1
34633,1
34634,1
34635,1
11886,0
11887,0
11888,0
11889,2
11890,0
11891,2
11892,0
11893,1
11894,1
11895,1
11896,2
11897,1
11898,1
11899,1
11900,1
11901,1
11902,0
11903,2
11904,2
11905,2
11906,0
11907,2
11908,0
11909,1
11910,0
11911,1
11912,1
11913,1
11914,1
11915,1
11916,1
11917,1
11918,1
11919,1
11920,1
11921,2
11922,1
11923,1
11924,1
43406,0
43407,0
43408,0
43409,0
43410,0
43411,0
43412,1
43413,1
43414,1
43415,1
43416,1
43417,0
43418,0
43419,2
43420,2
43421,0
43422,0
43423,0
43424,0
43425,0
43426,0
43427,0
43428,0
43429,2
43430,0
43431,0
43432,0
43433,0
43434,0
43435,1
43436,2
43437,2
43438,0
43439,1
43440,3
43441,0
43442,0
43443,0
33346,0
33347,2
33348,2
33349,0
33350,2
33351,0
33352,0
33353,0
33354,0
33355,0
33356,2
33357,2
33358,1
33359,1
33360,1
33361,1
33362,1
33363,1
33364,1
33365,1
33366,1
33367,0
33368,2
33369,1
33370,1
33371,1
33372,2
33373,1
33374,2
33375,1
33376,1
33377,1
33378,1
33379,1
33380,1
33381,1
33382,1
33383,1
33384,1
33385,1
33386,1
2698,2
2699,2
2700,1
2701,1
2702,1
2703,1
2704,1
2705,1
2706,1
2707,1
2708,1
2709,1
2710,1
2711,2
2712,2
2713,1
2714,2
2715,2
2716,1
2717,1
2718,1
2719,1
2720,1
2721,1
2722,1
2723,1
2724,1
2725,1
2726,1
2727,1
2728,1
2729,1
2730,1
2731,1
2732,1
2733,1
2734,1
2735,1
2736,1
2737,1
2738,1
2739,1
1904,1
1905,1
1906,1
1907,1
1908,1
1909,1
1910,1
1911,1
1912,1
1913,1
1914,1
1915,1
1916,1
1917,1
1918,1
1919,1
1920,1
1921,1
1922,1
1923,1
1924,1
1925,1
1926,1
1927,1
1928,1
1929,1
1930,1
1931,1
1932,1
1933,1
1934,1
1935,1
1936,1
1937,1
1938,1
1939,1
1940,1
1941,1
1942,1
1943,3
1944,1
1945,1
1946,3
30042,1
30043,2
30044,1
30045,1
30046,1
30047,1
30048,1
30049,1
30050,1
30051,1
30052,1
30053,1
30054,1
30055,1
30056,1
30057,1
30058,1
30059,1
30060,1
30061,1
30062,1
30063,1
30064,1
30065,1
30066,1
30067,1
30068,1
30069,1
30070,1
30071,1
30072,1
30073,1
30074,1
30075,1
30076,1
30077,1
30078,1
30079,1
30080,1
30081,1
30082,1
30083,1
30084,1
30085,1
30086,1
30087,1
30088,1
30089,1
30090,1
30091,1
30092,1
30093,1
30094,1
30095,1
30096,1
50266,2
50267,2
50268,2
50269,1
50270,1
50271,1
50272,1
50273,1
50274,1
50275,1
50276,1
50277,1
50278,1
50279,1
50280,1
50281,1
50282,2
50283,1
50284,2
50285,1
50286,1
50287,1
50288,1
50289,1
50290,1
50291,1
50292,1
50293,1
50294,1
50295,1
50296,1
50297,1
50298,1
50299,1
50300,1
50301,1
50302,1
50303,1
50304,1
50305,1
50306,1
